seed,hypervolume,spread,spacing,pf_size,time,f1_max,f2_max,f1_min,f2_min,dataset,task,model,algorithm
8527,499.83012820512823,1.553464086296208,36.97003944088319,16,347.0696687698364,0.9596153846153846,616.0,0.08717948717948718,1.0,isolet,classification,LogReg,replica
2114,467.5967948717949,1.5571787101347654,55.333927174321424,15,325.50310468673706,0.9596153846153846,616.0,0.08717948717948718,1.0,isolet,classification,LogReg,replica
4033,443.89935897435896,1.2986458030396775,3.2265706576187343,15,319.862820148468,0.958974358974359,316.0,0.08717948717948718,1.0,isolet,classification,LogReg,replica
7445,470.55320512820515,1.6167814983523663,4.078635720622075,17,327.33748412132263,0.958974358974359,617.0,0.08717948717948718,1.0,isolet,classification,LogReg,replica
1174,484.1807692307692,1.639065089998279,1.0489717839140917,16,327.23395586013794,0.958974358974359,617.0,0.08717948717948718,1.0,isolet,classification,LogReg,replica
3857,506.53012820512816,1.5945512451644717,6.588654550114192,20,333.9647078514099,0.958974358974359,617.0,0.08717948717948718,1.0,isolet,classification,LogReg,replica
7422,472.0775641025641,1.5659200640094573,1.8802210611271264,13,319.18636178970337,0.958974358974359,617.0,0.08717948717948718,1.0,isolet,classification,LogReg,replica
8445,487.13589743589745,1.5659063588881714,1.828605700745124,13,342.6278579235077,0.958974358974359,617.0,0.08717948717948718,1.0,isolet,classification,LogReg,replica
5357,468.5166666666667,1.5741469432047284,5690.95200538126,16,331.40417098999023,0.958974358974359,617.0,0.08717948717948718,1.0,isolet,classification,LogReg,replica
1746,486.34679487179477,1.5907960162447567,0.42517111928724355,13,326.2775511741638,0.9596153846153846,616.0,0.08717948717948718,1.0,isolet,classification,LogReg,replica
3378,522.696153846154,1.513963157080048,15.88176356331867,13,342.1002039909363,0.958974358974359,617.0,0.08717948717948718,1.0,isolet,classification,LogReg,replica
5206,507.7160256410256,1.6065943408807561,6090.067502833593,16,330.76847076416016,0.958974358974359,617.0,0.08717948717948718,1.0,isolet,classification,LogReg,replica
9235,463.2461538461538,1.4826446487624605,25.72232181280258,12,320.8168818950653,0.9596153846153846,616.0,0.08717948717948718,1.0,isolet,classification,LogReg,replica
8185,502.25128205128203,1.6464923741752737,4577.579330144425,20,333.98494696617126,0.958974358974359,617.0,0.08717948717948718,1.0,isolet,classification,LogReg,replica
8577,483.1346153846153,1.5496811756127329,7555.834142654542,13,332.2230050563812,0.958974358974359,617.0,0.08717948717948718,1.0,isolet,classification,LogReg,replica
9616,465.73910256410255,1.597303131575869,0.04768707147553301,21,332.25039505958557,0.9596153846153846,616.0,0.08717948717948718,1.0,isolet,classification,LogReg,replica
6067,446.2544871794871,1.526635208862747,6033.071145449513,14,334.1854021549225,0.958974358974359,617.0,0.08717948717948718,1.0,isolet,classification,LogReg,replica
1770,436.77051282051286,1.4019846145115518,8447.875030339137,10,329.1963348388672,0.9596153846153846,616.0,0.08717948717948718,1.0,isolet,classification,LogReg,replica
9305,505.01666666666665,1.5416710008835512,5597.144521525039,16,339.2428719997406,0.958974358974359,617.0,0.08717948717948718,1.0,isolet,classification,LogReg,replica
5510,482.49615384615385,1.5643970232598472,5445.937871683582,16,335.000333070755,0.958974358974359,617.0,0.08717948717948718,1.0,isolet,classification,LogReg,replica
8527,610.1384615384618,1.0862467525055175,45.6294822416622,53,767.3134820461273,0.9634615384615385,358.0,0.14166666666666666,1.0,isolet,classification,LogReg,my
2114,606.7724358974357,1.307240877759624,1670.5270910482993,60,796.4000611305237,0.9608974358974359,613.0,0.15833333333333333,1.0,isolet,classification,LogReg,my
4033,608.3570512820512,1.0755892299754775,45.13543592427674,55,837.2425022125244,0.9653846153846154,488.0,0.15833333333333333,1.0,isolet,classification,LogReg,my
7445,606.8987179487181,0.9994580862888939,128.7475374855148,62,839.9156510829926,0.9692307692307692,459.0,0.13846153846153847,1.0,isolet,classification,LogReg,my
1174,609.2211538461539,1.0338367521410623,6.732988413216572,65,823.203125,0.9641025641025641,349.0,0.15833333333333333,1.0,isolet,classification,LogReg,my
3857,607.3653846153846,1.1064452123586224,13.029734192165778,61,792.030357837677,0.9634615384615385,445.0,0.15833333333333333,1.0,isolet,classification,LogReg,my
7422,607.6493589743592,0.975049221338167,39.145226747809005,55,844.5947139263153,0.9673076923076923,448.0,0.15833333333333333,1.0,isolet,classification,LogReg,my
8445,608.1224358974357,1.0543211663590708,42.20469322719631,61,761.6379578113556,0.9634615384615385,340.0,0.13846153846153847,1.0,isolet,classification,LogReg,my
5357,607.2012820512824,0.9350775971541775,22.753918732263383,60,805.96524310112,0.9641025641025641,411.0,0.15833333333333333,1.0,isolet,classification,LogReg,my
1746,608.2506410256414,1.1943358753624969,528.689316633496,52,793.7521018981934,0.9628205128205128,500.0,0.14166666666666666,1.0,isolet,classification,LogReg,my
3378,608.5737179487179,1.0308021502489,29.542995093527214,51,791.4221999645233,0.9608974358974359,296.0,0.15833333333333333,1.0,isolet,classification,LogReg,my
5206,608.6442307692312,0.9694921416108876,18.775949684282164,53,772.6168668270111,0.9621794871794872,277.0,0.15833333333333333,1.0,isolet,classification,LogReg,my
9235,608.0967948717945,1.0924833049454916,6.842531331915948,56,799.1552069187164,0.9615384615384616,356.0,0.14102564102564102,1.0,isolet,classification,LogReg,my
8185,607.7115384615387,1.1192307993139856,488.8180437724273,55,817.4293019771576,0.9628205128205128,459.0,0.13846153846153847,1.0,isolet,classification,LogReg,my
8577,608.463461538461,1.186407521556514,15.764352965959558,50,790.967325925827,0.9615384615384616,481.0,0.1391025641025641,1.0,isolet,classification,LogReg,my
9616,609.8378205128201,0.9581910184906135,4.12397289760036,59,752.1507642269135,0.9621794871794872,247.0,0.14102564102564102,1.0,isolet,classification,LogReg,my
6067,607.6512820512818,0.9674842335063684,149.85297140145886,47,830.3385879993439,0.9647435897435898,415.0,0.14102564102564102,1.0,isolet,classification,LogReg,my
1770,610.3634615384618,0.9847760455964161,31.973650748198683,50,769.0918929576874,0.9634615384615385,347.0,0.14166666666666666,1.0,isolet,classification,LogReg,my
9305,608.2852564102561,1.0485606534347538,58.32399882049042,56,786.6655580997467,0.9634615384615385,384.0,0.14102564102564102,1.0,isolet,classification,LogReg,my
5510,609.8974358974358,1.315401068652378,375.31976268700765,50,776.3098480701447,0.9628205128205128,457.0,0.14166666666666666,1.0,isolet,classification,LogReg,my
8527,419.4288461538461,0.9558441645418815,11.807022667503436,11,1289.134370803833,0.9666666666666667,269.0,0.9423076923076923,205.0,isolet,classification,LogReg,nsga2
2114,430.47243589743584,0.9320887920327146,26.406361178543136,13,1281.7127330303192,0.9666666666666667,291.0,0.9416666666666667,194.0,isolet,classification,LogReg,nsga2
4033,429.4891025641025,0.9522726735660929,6.488428769947999,11,1277.108892917633,0.9673076923076923,278.0,0.9314102564102564,195.0,isolet,classification,LogReg,nsga2
7445,422.3435897435898,0.9435065749571969,9.486889718187795,11,1281.5443542003632,0.9666666666666667,268.0,0.9397435897435897,202.0,isolet,classification,LogReg,nsga2
1174,427.0192307692307,0.9480520485478753,6.190895686879414,13,1288.1370210647583,0.966025641025641,280.0,0.941025641025641,197.0,isolet,classification,LogReg,nsga2
3857,419.449358974359,0.9902597543414425,191.9487213730002,3,1261.3349268436432,0.966025641025641,235.0,0.9602564102564103,205.0,isolet,classification,LogReg,nsga2
7422,422.2929487179487,0.9425325513112512,39.55355953021338,11,1274.911913394928,0.9698717948717949,296.0,0.9435897435897436,203.0,isolet,classification,LogReg,nsga2
8445,419.5249999999999,0.960714377801791,9.456480522682444,11,1258.3226149082184,0.9666666666666667,264.0,0.9519230769230769,205.0,isolet,classification,LogReg,nsga2
5357,429.89615384615377,0.9312772195708751,23.600857440280517,13,1287.0789980888367,0.9653846153846154,289.0,0.9435897435897436,194.0,isolet,classification,LogReg,nsga2
1746,435.3032051282051,0.9543649539035968,30.438615877712024,10,1267.9543240070343,0.9666666666666667,260.0,0.9282051282051282,189.0,isolet,classification,LogReg,nsga2
3378,435.9775641025641,0.9461967644572841,54.058536688738606,15,1345.1168479919434,0.966025641025641,302.0,0.9391025641025641,188.0,isolet,classification,LogReg,nsga2
5206,428.3788461538462,0.9772726807257535,2.0251807450325083,9,1284.2361557483673,0.966025641025641,227.0,0.9397435897435897,196.0,isolet,classification,LogReg,nsga2
9235,429.8205128205129,0.9649351407620014,56.364628376964916,11,1294.8845160007477,0.9647435897435898,276.0,0.9461538461538461,194.0,isolet,classification,LogReg,nsga2
8185,424.6012820512821,0.9634741013658276,15.499044214332676,9,1249.5039348602295,0.9692307692307692,256.0,0.9512820512820512,201.0,isolet,classification,LogReg,nsga2
8577,428.57051282051276,0.9597402967696506,18.6448365459327,11,1319.7165758609772,0.9666666666666667,259.0,0.9397435897435897,196.0,isolet,classification,LogReg,nsga2
9616,416.92692307692306,0.9669913723537513,8.998721267637688,13,1298.7290880680084,0.9711538461538461,267.0,0.95,209.0,isolet,classification,LogReg,nsga2
6067,416.89166666666665,0.9446576857539174,10.96115416990417,12,1270.263175725937,0.967948717948718,281.0,0.9487179487179487,208.0,isolet,classification,LogReg,nsga2
1770,423.45641025641027,0.9721707259841389,57.68070453384757,8,1282.513720035553,0.966025641025641,277.0,0.95,201.0,isolet,classification,LogReg,nsga2
9305,411.6589743589743,0.9814470316700106,33.6766821566521,8,1309.3747069835663,0.9673076923076923,273.0,0.9474358974358974,213.0,isolet,classification,LogReg,nsga2
5510,426.9025641025641,0.9577922368153754,88.95386578288573,13,1311.3153820037842,0.9653846153846154,284.0,0.933974358974359,197.0,isolet,classification,LogReg,nsga2
8527,444.66410256410256,0.9537963335919711,10.62170857085058,14,1264.3377199172974,0.9641025641025641,251.0,0.9448717948717948,179.0,isolet,classification,LogReg,spea2
2114,417.9467948717949,0.9775973849964887,219.39428479070784,6,1286.7904260158539,0.9673076923076923,274.0,0.9487179487179487,207.0,isolet,classification,LogReg,spea2
4033,435.33653846153834,0.9729437584367375,95.2612432688394,7,1283.7891509532928,0.967948717948718,254.0,0.9506410256410256,190.0,isolet,classification,LogReg,spea2
7445,430.8435897435897,0.9537338722858235,87.49215092866535,9,1283.4527332782745,0.9647435897435898,271.0,0.9467948717948718,193.0,isolet,classification,LogReg,spea2
1174,437.8391025641025,0.9334416740154828,2.0175158570609746,13,1301.1982300281525,0.9673076923076923,265.0,0.941025641025641,187.0,isolet,classification,LogReg,spea2
3857,436.58846153846144,0.9848484068611723,2.0661346807093848,13,1268.49498295784,0.966025641025641,220.0,0.9391025641025641,188.0,isolet,classification,LogReg,spea2
7422,436.46538461538455,0.9699675840361774,24.019874876725844,9,1256.3439421653748,0.9685897435897436,248.0,0.9512820512820512,189.0,isolet,classification,LogReg,spea2
8445,428.26730769230767,0.9545455270991002,19.148552560449996,10,1300.9411120414734,0.9711538461538461,288.0,0.9455128205128205,198.0,isolet,classification,LogReg,spea2
5357,434.1442307692308,0.903040401752628,37.54408927477437,12,1228.7616822719574,0.9705128205128205,299.0,0.9538461538461539,192.0,isolet,classification,LogReg,spea2
1746,425.9980769230769,0.9870130058101572,106.80662528176953,7,1293.1636691093445,0.9673076923076923,250.0,0.9544871794871795,199.0,isolet,classification,LogReg,spea2
3378,438.076282051282,0.9841721137270025,7.210213469756739,9,1257.2778298854828,0.9673076923076923,236.0,0.9487179487179487,187.0,isolet,classification,LogReg,spea2
5206,437.0698717948718,0.958153033849604,34.540158288589375,10,1249.7686388492584,0.967948717948718,262.0,0.9474358974358974,188.0,isolet,classification,LogReg,spea2
9235,422.10448717948714,0.9751855484650587,2.573633652672114,8,1276.068664073944,0.967948717948718,236.0,0.9512820512820512,203.0,isolet,classification,LogReg,spea2
8185,442.67115384615386,0.955937037544246,15.567334511775613,8,1245.0147202014923,0.9666666666666667,240.0,0.9474358974358974,182.0,isolet,classification,LogReg,spea2
8577,429.28141025641025,0.9707792841763803,88.7198791913215,5,1241.462708234787,0.9705128205128205,245.0,0.9551282051282052,197.0,isolet,classification,LogReg,spea2
9616,439.1916666666665,0.9239966363712149,23.54172851543043,12,1262.772723197937,0.9685897435897436,293.0,0.9435897435897436,186.0,isolet,classification,LogReg,spea2
6067,452.80897435897435,0.9512988067679955,15.570050081269638,10,1256.7568550109863,0.9698717948717949,263.0,0.9423076923076923,173.0,isolet,classification,LogReg,spea2
1770,434.2897435897436,0.9350650822884091,19.235582264957262,9,1266.9330608844757,0.967948717948718,293.0,0.9512820512820512,191.0,isolet,classification,LogReg,spea2
9305,433.3551282051282,0.9274893604564419,13.240975646504488,7,1284.982792854309,0.966025641025641,249.0,0.9455128205128205,191.0,isolet,classification,LogReg,spea2
5510,425.6916666666667,0.9756493904757859,73.68600869082842,9,1287.6777288913727,0.9666666666666667,261.0,0.95,199.0,isolet,classification,LogReg,spea2
8527,424.2628205128205,0.9891774456584808,245.89573759040104,4,1263.1589889526367,0.967948717948718,247.0,0.948076923076923,201.0,isolet,classification,LogReg,smsemoa
2114,417.9288461538461,0.9775045517213082,38.543973654550584,8,1256.7986061573029,0.9647435897435898,253.0,0.9474358974358974,206.0,isolet,classification,LogReg,smsemoa
4033,416.8320512820513,0.9552670448755731,12.316981225801735,10,1274.8984053134918,0.9673076923076923,266.0,0.9525641025641025,208.0,isolet,classification,LogReg,smsemoa
7445,414.0493589743588,0.9794372660109923,8.629033754291767,10,1264.701472043991,0.9685897435897436,281.0,0.9461538461538461,211.0,isolet,classification,LogReg,smsemoa
1174,421.11025641025645,0.9761132164995486,29.41548041701888,8,1292.7423770427704,0.9653846153846154,268.0,0.9506410256410256,203.0,isolet,classification,LogReg,smsemoa
3857,426.501282051282,0.960497796496411,41.55372799784498,10,1259.6185386180878,0.9666666666666667,267.0,0.9391025641025641,198.0,isolet,classification,LogReg,smsemoa
7422,425.575,0.9783550197085986,0.3367609029147491,4,1257.250657081604,0.966025641025641,225.0,0.9544871794871795,199.0,isolet,classification,LogReg,smsemoa
8445,417.84294871794856,0.9711851230503176,6.860684582511505,9,1304.5186669826508,0.9647435897435898,245.0,0.9519230769230769,206.0,isolet,classification,LogReg,smsemoa
5357,427.249358974359,0.9616884068834349,5.6561191949076575,11,1261.014655828476,0.967948717948718,246.0,0.9557692307692308,198.0,isolet,classification,LogReg,smsemoa
1746,417.0910256410256,0.9670687143035763,12.782647334636518,8,1287.5686058998108,0.9653846153846154,247.0,0.9544871794871795,207.0,isolet,classification,LogReg,smsemoa
3378,413.7955128205128,0.9780844447177331,1.497651604390386,9,1305.1376368999481,0.9647435897435898,251.0,0.9512820512820512,210.0,isolet,classification,LogReg,smsemoa
5206,418.31858974358977,0.9860853290847384,10.499735576923076,8,1250.0919840335846,0.9634615384615385,241.0,0.9461538461538461,205.0,isolet,classification,LogReg,smsemoa
9235,426.6980769230769,0.9188313701842888,55.13418869947716,7,1267.248160123825,0.9666666666666667,280.0,0.9544871794871795,198.0,isolet,classification,LogReg,smsemoa
8185,421.4179487179487,0.9646104730843302,5.770300857440282,6,1250.7810361385345,0.9685897435897436,235.0,0.9538461538461539,204.0,isolet,classification,LogReg,smsemoa
8577,414.5615384615385,0.9911873780138655,71.40339121348735,8,1261.160710811615,0.9641025641025641,257.0,0.948076923076923,209.0,isolet,classification,LogReg,smsemoa
9616,414.0615384615385,0.9788961441069507,33.562961135018824,11,1266.0536088943481,0.9653846153846154,275.0,0.9532051282051283,210.0,isolet,classification,LogReg,smsemoa
6067,419.5551282051282,0.9666048699506327,4.856045012679629,8,1262.140676021576,0.9666666666666667,243.0,0.948076923076923,205.0,isolet,classification,LogReg,smsemoa
1770,421.8756410256411,0.9534632892899215,36.26069509016623,7,1240.4753851890564,0.9673076923076923,279.0,0.9506410256410256,203.0,isolet,classification,LogReg,smsemoa
9305,416.8269230769231,0.9837662466672336,4.288158812341504,7,1262.6739568710327,0.9673076923076923,241.0,0.9506410256410256,208.0,isolet,classification,LogReg,smsemoa
5510,425.92307692307685,0.9740259920732454,36.56020573087881,7,1238.5096590518951,0.9647435897435898,242.0,0.9455128205128205,198.0,isolet,classification,LogReg,smsemoa
8527,503.5403846153846,1.2959674711372815,12.246259401211324,12,4246.025772094727,0.9621794871794872,307.0,0.11217948717948718,1.0,isolet,classification,SVC,replica
2114,541.8448717948718,1.2599324872632267,2.0363378608570915,12,4191.050345897675,0.9673076923076923,325.0,0.11217948717948718,1.0,isolet,classification,SVC,replica
4033,528.3833333333333,1.279364348202331,9.30115047494795,16,4293.401578903198,0.9634615384615385,315.0,0.11217948717948718,1.0,isolet,classification,SVC,replica
7445,521.3846153846154,1.3213334481749524,94.54188491672144,16,4260.013873338699,0.9653846153846154,331.0,0.11217948717948718,1.0,isolet,classification,SVC,replica
1174,440.4724358974359,1.307024366578104,2.804367092542018,13,4235.627878904343,0.9634615384615385,312.0,0.11217948717948718,1.0,isolet,classification,SVC,replica
3857,529.2108974358976,1.2564304980149523,4.325938498448619,19,4271.076648950577,0.9634615384615385,325.0,0.11217948717948718,1.0,isolet,classification,SVC,replica
7422,522.2794871794871,1.2531659325563775,61.52873253616044,13,4278.34495306015,0.9628205128205128,325.0,0.11217948717948718,1.0,isolet,classification,SVC,replica
8445,530.1474358974359,1.2603210884647125,1.1387219831450603,11,4223.346555233002,0.9628205128205128,304.0,0.11217948717948718,1.0,isolet,classification,SVC,replica
5357,492.49038461538464,1.2380309099958122,40.55885402512967,10,4188.841714859009,0.9628205128205128,313.0,0.11217948717948718,1.0,isolet,classification,SVC,replica
1746,490.6320512820513,1.2293698798070642,36.46168732976426,7,4163.586273908615,0.9641025641025641,309.0,0.11217948717948718,1.0,isolet,classification,SVC,replica
3378,516.6544871794872,1.2880117948399918,0.639868719866316,16,4177.733011007309,0.9634615384615385,305.0,0.11217948717948718,1.0,isolet,classification,SVC,replica
5206,455.5673076923076,1.2813261972377934,7.215242428648494,13,4283.918224096298,0.9634615384615385,317.0,0.11217948717948718,1.0,isolet,classification,SVC,replica
9235,444.4871794871795,1.2618470637938555,23.64933930919507,7,4247.663881063461,0.9634615384615385,288.0,0.11217948717948718,1.0,isolet,classification,SVC,replica
8185,483.31346153846164,1.286547121203469,3.4975385345898165,10,4237.7354600429535,0.9673076923076923,300.0,0.11217948717948718,1.0,isolet,classification,SVC,replica
8577,513.2717948717948,1.2291460711574194,64.17801403831211,11,4209.960789203644,0.9666666666666667,325.0,0.11217948717948718,1.0,isolet,classification,SVC,replica
9616,545.2294871794874,1.259656644956339,29.538700195526516,16,4270.582692861557,0.9634615384615385,331.0,0.11217948717948718,1.0,isolet,classification,SVC,replica
6067,506.9826923076923,1.2827592079263075,25.192196695339323,10,4217.244707107544,0.9647435897435898,297.0,0.11217948717948718,1.0,isolet,classification,SVC,replica
1770,485.11025641025645,1.27822714278586,10.831437051908207,15,4218.467120885849,0.9621794871794872,320.0,0.11217948717948718,1.0,isolet,classification,SVC,replica
9305,503.4025641025641,1.2668584510800267,5.75159251872593,8,4221.43354010582,0.9647435897435898,276.0,0.11217948717948718,1.0,isolet,classification,SVC,replica
5510,448.8974358974359,1.2956595919396932,5.368644611127969,13,4240.329332828522,0.9628205128205128,306.0,0.11217948717948718,1.0,isolet,classification,SVC,replica
8527,613.3480769230769,1.0942184888438513,70.74760012684372,55,4616.148382902145,0.9673076923076923,395.0,0.15512820512820513,1.0,isolet,classification,SVC,my
2114,616.2423076923077,1.0798130315922474,134.6522789500116,48,4327.600369930267,0.9692307692307692,341.0,0.1891025641025641,1.0,isolet,classification,SVC,my
4033,615.9948717948719,1.041166859836628,40.02101637254914,57,4633.791549921036,0.9711538461538461,336.0,0.15897435897435896,1.0,isolet,classification,SVC,my
7445,615.3128205128205,1.0238174618370974,15.817460944040938,58,4430.009437322617,0.9705128205128205,309.0,0.14358974358974358,1.0,isolet,classification,SVC,my
1174,615.4756410256412,0.9758935164161064,54.49664261301471,57,4658.206439971924,0.9692307692307692,250.0,0.15897435897435896,1.0,isolet,classification,SVC,my
3857,614.9685897435897,1.168250617446479,51.53325844428008,49,4483.114945888519,0.967948717948718,393.0,0.1891025641025641,1.0,isolet,classification,SVC,my
7422,615.308333333333,1.0481932820460458,72.76565496608964,44,4243.070641994476,0.9673076923076923,303.0,0.1576923076923077,1.0,isolet,classification,SVC,my
8445,615.5006410256409,1.051160753703681,78.47022618235279,45,4493.080054998398,0.967948717948718,315.0,0.15897435897435896,1.0,isolet,classification,SVC,my
5357,616.1512820512818,1.1441510031170479,77.9847390215287,56,4505.916664123535,0.9698717948717949,359.0,0.15512820512820513,1.0,isolet,classification,SVC,my
1746,617.7198717948719,1.0818865836408293,17.195820382260646,48,4278.675591945648,0.9717948717948718,287.0,0.1891025641025641,1.0,isolet,classification,SVC,my
3378,615.4519230769232,1.0271493865772139,33.71334858083181,43,4434.390844106674,0.9666666666666667,243.0,0.14487179487179488,1.0,isolet,classification,SVC,my
5206,613.9769230769226,1.0175879081772112,15.891726641846104,47,4548.433927059174,0.9673076923076923,239.0,0.15512820512820513,1.0,isolet,classification,SVC,my
9235,616.0378205128206,0.9899209524195007,60.16914868856495,52,4393.148053884506,0.9705128205128205,318.0,0.1576923076923077,1.0,isolet,classification,SVC,my
8185,616.3737179487179,1.0750738786268772,111.77076045962583,56,4259.313486099243,0.9685897435897436,326.0,0.1891025641025641,1.0,isolet,classification,SVC,my
8577,615.3839743589742,0.9943846680418116,22.970702425230446,50,4302.301433801651,0.9692307692307692,253.0,0.1576923076923077,1.0,isolet,classification,SVC,my
9616,614.7724358974357,1.038143316645932,7.245777324959977,60,4641.898077011108,0.9698717948717949,347.0,0.15512820512820513,1.0,isolet,classification,SVC,my
6067,616.6371794871795,1.0262985380949023,40.39570754333126,52,4291.232344150543,0.9705128205128205,315.0,0.15897435897435896,1.0,isolet,classification,SVC,my
1770,615.0185897435899,0.9922285884116476,12.094457651326781,59,4544.60638999939,0.9673076923076923,293.0,0.1891025641025641,1.0,isolet,classification,SVC,my
9305,614.8980769230767,1.0469651196005516,47.92740155343417,52,4409.83013510704,0.967948717948718,302.0,0.15512820512820513,1.0,isolet,classification,SVC,my
5510,615.8307692307691,0.9745794108361692,8.23696918889231,58,4414.0700080394745,0.9698717948717949,226.0,0.15897435897435896,1.0,isolet,classification,SVC,my
8527,432.9551282051281,0.9816790435492962,9.26245749976519,8,6658.0787088871,0.9762820512820513,221.0,0.9647435897435898,196.0,isolet,classification,SVC,nsga2
2114,443.6435897435897,0.9386365136088172,9.853334670671208,11,6679.395838022232,0.9730769230769231,255.0,0.9583333333333334,184.0,isolet,classification,SVC,nsga2
4033,440.6717948717949,0.970779271045871,8.445587036123893,9,6687.58028626442,0.9756410256410256,231.0,0.9564102564102565,188.0,isolet,classification,SVC,nsga2
7445,436.4666666666666,0.914772935593313,28.023273385565055,9,6690.294808149338,0.9730769230769231,277.0,0.958974358974359,191.0,isolet,classification,SVC,nsga2
1174,430.85448717948714,0.9285716012277858,30.003419705146467,9,6673.9425683021545,0.9769230769230769,272.0,0.9653846153846154,198.0,isolet,classification,SVC,nsga2
3857,437.93846153846147,0.963960840525016,24.21166168091168,6,6602.11872792244,0.9737179487179487,229.0,0.95,190.0,isolet,classification,SVC,nsga2
7422,431.7583333333333,0.9759740732292759,20.252994192417265,6,6761.449388027191,0.9737179487179487,278.0,0.958974358974359,196.0,isolet,classification,SVC,nsga2
8445,425.051923076923,0.9776785967984872,39.18914055080721,9,6801.626811027527,0.975,284.0,0.9557692307692308,203.0,isolet,classification,SVC,nsga2
5357,430.7423076923077,0.9961038916739048,0.6913525043332737,11,6736.680598974228,0.9737179487179487,236.0,0.9615384615384616,197.0,isolet,classification,SVC,nsga2
1746,423.4897435897435,0.9506494209792019,6.600643677903294,11,6915.927439928055,0.9769230769230769,267.0,0.9512820512820512,205.0,isolet,classification,SVC,nsga2
3378,434.8621794871795,0.9859307626486126,17.33817881145445,10,6585.40217924118,0.9737179487179487,239.0,0.9615384615384616,193.0,isolet,classification,SVC,nsga2
5206,438.3557692307693,0.9536179272632661,81.7183152457852,8,6632.952408075333,0.975,270.0,0.9653846153846154,190.0,isolet,classification,SVC,nsga2
9235,440.1647435897437,0.9717069013460726,30.505704729031653,15,6749.794498205185,0.9756410256410256,288.0,0.9474358974358974,188.0,isolet,classification,SVC,nsga2
8185,418.9782051282051,0.9517626193347902,12.561084218265707,8,6753.598696947098,0.975,275.0,0.9602564102564103,209.0,isolet,classification,SVC,nsga2
8577,427.8730769230769,0.9634003078605671,16.811520817145812,12,6770.853783130646,0.9743589743589743,260.0,0.958974358974359,200.0,isolet,classification,SVC,nsga2
9616,439.55897435897424,0.9413782139150784,16.18652677788735,10,6679.807848930359,0.9756410256410256,262.0,0.9602564102564103,189.0,isolet,classification,SVC,nsga2
6067,419.1916666666666,0.9383117001783573,24.43025161626123,7,6731.513486146927,0.9756410256410256,269.0,0.9557692307692308,209.0,isolet,classification,SVC,nsga2
1770,443.1467948717949,0.9350647166042045,14.245167116389071,9,6622.707373142242,0.9769230769230769,266.0,0.9487179487179487,186.0,isolet,classification,SVC,nsga2
9305,434.46602564102557,0.9494048713369794,2.9723628127159927,13,6729.019678115845,0.9756410256410256,247.0,0.9621794871794872,194.0,isolet,classification,SVC,nsga2
5510,441.74807692307695,0.9274893633702063,39.278450150277074,7,6564.981359004974,0.9730769230769231,254.0,0.966025641025641,186.0,isolet,classification,SVC,nsga2
8527,449.6679487179487,0.9408628460274872,21.91932548487836,8,6641.424563884735,0.9775641025641025,239.0,0.9641025641025641,180.0,isolet,classification,SVC,spea2
2114,448.4641025641025,0.9697462260753915,27.815618375570306,12,6740.809987783432,0.975,251.0,0.9564102564102565,180.0,isolet,classification,SVC,spea2
4033,436.44294871794864,0.9699675727874948,23.115320591377582,17,6767.612764835358,0.9756410256410256,283.0,0.9557692307692308,192.0,isolet,classification,SVC,spea2
7445,437.82884615384614,0.9793599681054617,10.98422688756222,8,6798.392322778702,0.9762820512820513,260.0,0.9615384615384616,191.0,isolet,classification,SVC,spea2
1174,447.84358974358975,0.9446249507853011,7.73447642724085,10,6568.762727022171,0.9756410256410256,252.0,0.9583333333333334,181.0,isolet,classification,SVC,spea2
3857,441.45576923076914,0.9480520730944733,31.89496608982186,7,6712.08874297142,0.975,243.0,0.9621794871794872,187.0,isolet,classification,SVC,spea2
7422,437.076282051282,0.9464286269852826,42.86758326297989,12,6841.341164112091,0.9769230769230769,269.0,0.9564102564102565,192.0,isolet,classification,SVC,spea2
8445,436.8564102564103,0.9566327470538636,26.694485998109794,8,6786.5652141571045,0.9762820512820513,257.0,0.9602564102564103,192.0,isolet,classification,SVC,spea2
5357,435.64038461538456,0.9743506859239988,71.17513567006355,6,6786.229305028915,0.9756410256410256,244.0,0.9596153846153846,193.0,isolet,classification,SVC,spea2
1746,431.3685897435897,0.9703154642843738,1.1435909176293788,8,6836.643539190292,0.975,229.0,0.9647435897435898,197.0,isolet,classification,SVC,spea2
3378,436.43974358974356,0.9862011599140281,26.10371518646358,9,6675.758646965027,0.975,246.0,0.9570512820512821,192.0,isolet,classification,SVC,spea2
5206,436.4929487179487,0.9642858031813801,161.3560701293009,6,6651.436849117279,0.975,262.0,0.9666666666666667,192.0,isolet,classification,SVC,spea2
9235,425.7660256410255,0.9953617821408296,28.84169002271767,8,6729.448736190796,0.9762820512820513,243.0,0.9653846153846154,203.0,isolet,classification,SVC,spea2
8185,443.8423076923076,0.9853896466551674,279.1016670638834,6,6688.32183098793,0.9756410256410256,260.0,0.967948717948718,185.0,isolet,classification,SVC,spea2
8577,434.90128205128195,0.9788961354427337,34.49567656969099,9,6747.455703020096,0.9762820512820513,246.0,0.9628205128205128,194.0,isolet,classification,SVC,spea2
9616,432.09102564102557,0.950974148247566,16.672564718934915,6,6743.322944164276,0.9769230769230769,256.0,0.9692307692307692,197.0,isolet,classification,SVC,spea2
6067,442.25512820512824,0.9782467847013425,12.291133419998804,11,6672.735299825668,0.9743589743589743,229.0,0.958974358974359,186.0,isolet,classification,SVC,spea2
1770,444.77051282051275,0.9699675946116783,13.999522004437871,9,6585.162451982498,0.9756410256410256,247.0,0.9596153846153846,184.0,isolet,classification,SVC,spea2
9305,433.14743589743586,0.9729437877165162,112.99230890548198,7,6696.71121096611,0.9743589743589743,257.0,0.9653846153846154,195.0,isolet,classification,SVC,spea2
5510,439.0833333333333,1.0016232693911251,22.677456566403674,5,6601.954248905182,0.9762820512820513,244.0,0.9583333333333334,190.0,isolet,classification,SVC,spea2
8527,433.1064102564102,0.9659091736367236,41.86743717126892,6,6647.066533088684,0.9743589743589743,240.0,0.9641025641025641,195.0,isolet,classification,SVC,smsemoa
2114,438.44166666666666,0.9740259792354276,15.22296014526784,7,6616.29879784584,0.975,235.0,0.9634615384615385,190.0,isolet,classification,SVC,smsemoa
4033,428.5378205128206,0.9835343528862999,34.27177332082981,8,6579.71080493927,0.9756410256410256,241.0,0.966025641025641,200.0,isolet,classification,SVC,smsemoa
7445,428.45256410256405,0.9733766711151414,87.74718326758712,6,6693.001743078232,0.9730769230769231,257.0,0.9615384615384616,199.0,isolet,classification,SVC,smsemoa
1174,434.45384615384614,0.973376681722545,39.36431795145737,6,6577.198091983795,0.975,236.0,0.9673076923076923,194.0,isolet,classification,SVC,smsemoa
3857,431.401282051282,0.9978354384641134,65.88339849253312,7,6518.14848279953,0.975,247.0,0.9608974358974359,197.0,isolet,classification,SVC,smsemoa
7422,423.8615384615385,0.9745671489394476,4.235532779186625,7,6710.619838953018,0.9743589743589743,235.0,0.9634615384615385,204.0,isolet,classification,SVC,smsemoa
8445,424.73589743589736,0.9801136672259649,20.25101739991964,9,6652.055084228516,0.9762820512820513,243.0,0.9634615384615385,204.0,isolet,classification,SVC,smsemoa
5357,434.84743589743596,0.9876623601089436,23.8044926409061,11,6551.543521165848,0.9737179487179487,235.0,0.9551282051282052,193.0,isolet,classification,SVC,smsemoa
1746,438.2288461538461,1.0019480264828178,42.66256426692965,6,6645.6062042713165,0.9743589743589743,226.0,0.966025641025641,190.0,isolet,classification,SVC,smsemoa
3378,433.58782051282054,0.9733766835319642,3.4652148942581626,6,6638.627260923386,0.9730769230769231,222.0,0.9615384615384616,194.0,isolet,classification,SVC,smsemoa
5206,415.24871794871797,0.9642857960369996,62.568559316395856,7,6660.104145050049,0.9730769230769231,274.0,0.967948717948718,212.0,isolet,classification,SVC,smsemoa
9235,428.73397435897436,0.9802875790622765,66.84258569755566,8,6551.7746658325195,0.9737179487179487,250.0,0.9576923076923077,199.0,isolet,classification,SVC,smsemoa
8185,420.66474358974347,0.9935065030991173,56.47210072868728,7,6704.50919008255,0.9737179487179487,243.0,0.966025641025641,207.0,isolet,classification,SVC,smsemoa
8577,435.3788461538461,0.9740260375282418,19.154794543063776,7,6604.4266629219055,0.975,228.0,0.9634615384615385,193.0,isolet,classification,SVC,smsemoa
9616,431.33589743589744,0.9935065039406704,103.61228642751482,9,6547.359623908997,0.975,257.0,0.9647435897435898,197.0,isolet,classification,SVC,smsemoa
6067,432.36474358974357,0.9457793543857101,12.701283037475344,6,6611.736788034439,0.975,243.0,0.966025641025641,196.0,isolet,classification,SVC,smsemoa
1770,425.1647435897436,0.9519481647842525,5.3670956059609916,6,6590.381455183029,0.9724358974358974,240.0,0.9628205128205128,202.0,isolet,classification,SVC,smsemoa
9305,423.56346153846147,0.9886363859592479,312.79525653353056,5,6666.758260965347,0.9762820512820513,271.0,0.9647435897435898,205.0,isolet,classification,SVC,smsemoa
5510,434.4583333333333,0.9707792632267943,28.468598783694944,5,6475.237629890442,0.975,230.0,0.9596153846153846,194.0,isolet,classification,SVC,smsemoa
8527,329.1987179487179,1.2578003685581116,12.731696742401253,13,256.38468313217163,0.5717948717948718,314.0,0.14166666666666666,1.0,isolet,classification,DT,replica
2114,354.96474358974365,1.2653697007867177,11.269679224651178,9,247.41818499565125,0.5865384615384616,299.0,0.14166666666666666,1.0,isolet,classification,DT,replica
4033,333.9019230769231,1.2570964090708199,12.08317655848425,11,249.59792613983154,0.5871794871794872,304.0,0.14166666666666666,1.0,isolet,classification,DT,replica
7445,343.35256410256414,1.2807879313202244,2.8532271015610515,13,241.27831888198853,0.6102564102564103,307.0,0.14166666666666666,1.0,isolet,classification,DT,replica
1174,329.08269230769235,1.250695132940905,4.630122411865202,12,242.98703598976135,0.5871794871794872,312.0,0.14166666666666666,1.0,isolet,classification,DT,replica
3857,350.5346153846154,1.2562633657569977,44.51847345039814,10,241.88290190696716,0.5878205128205128,312.0,0.14166666666666666,1.0,isolet,classification,DT,replica
7422,354.3923076923078,1.2748435831836071,3.526151008204821,19,224.6752269268036,0.5903846153846154,313.0,0.14166666666666666,1.0,isolet,classification,DT,replica
8445,353.5391025641026,1.2722165939697014,8345.680541342337,8,239.75580096244812,0.5833333333333334,275.0,0.14166666666666666,1.0,isolet,classification,DT,replica
5357,343.6961538461538,1.2802959810609225,11.690217712103804,14,232.2279019355774,0.6044871794871794,302.0,0.14166666666666666,1.0,isolet,classification,DT,replica
1746,336.1583333333333,1.2304755912543557,46.666311502599974,11,249.6203498840332,0.5884615384615385,326.0,0.14166666666666666,1.0,isolet,classification,DT,replica
3378,347.14294871794874,1.2312895997888187,38.11451383181752,9,244.27094888687134,0.5858974358974359,303.0,0.14166666666666666,1.0,isolet,classification,DT,replica
5206,363.76410256410253,1.2425875895768077,43.35926399681023,14,234.02929019927979,0.6006410256410256,318.0,0.14166666666666666,1.0,isolet,classification,DT,replica
9235,355.1628205128206,1.244712868183056,31.14490050691419,14,233.17282676696777,0.5865384615384616,321.0,0.14166666666666666,1.0,isolet,classification,DT,replica
8185,349.8512820512821,1.2577471329728482,16.032082877592494,11,223.17550897598267,0.5846153846153846,297.0,0.14166666666666666,1.0,isolet,classification,DT,replica
8577,358.23525641025645,1.2578892778756297,12.631889466090714,19,241.53639197349548,0.5980769230769231,317.0,0.14166666666666666,1.0,isolet,classification,DT,replica
9616,335.2839743589744,1.2773667581418144,4.901094838921762,10,235.7843427658081,0.5916666666666667,303.0,0.14166666666666666,1.0,isolet,classification,DT,replica
6067,359.54807692307696,1.2174870053089932,54.408245098918165,11,215.9480357170105,0.6326923076923077,326.0,0.14166666666666666,1.0,isolet,classification,DT,replica
1770,352.7852564102564,1.228998442024325,3.6240026342069616,12,233.84580993652344,0.5942307692307692,325.0,0.14166666666666666,1.0,isolet,classification,DT,replica
9305,343.0102564102564,1.2342647895106618,14.625651202607933,10,215.83073902130127,0.5858974358974359,292.0,0.14166666666666666,1.0,isolet,classification,DT,replica
5510,359.675641025641,1.2629365899386316,2.0843745627454946,13,223.05450701713562,0.6147435897435898,301.0,0.14166666666666666,1.0,isolet,classification,DT,replica
8527,417.02500000000003,1.0721686221850892,64.38665798588877,22,543.7630040645599,0.6378205128205128,273.0,0.1519230769230769,1.0,isolet,classification,DT,my
2114,422.95192307692304,1.0570299348820609,88.07992867578766,36,426.3938331604004,0.65,249.0,0.19230769230769232,1.0,isolet,classification,DT,my
4033,413.5230769230769,0.9587414197204003,0.7879772296818893,26,497.69007897377014,0.632051282051282,82.0,0.14935897435897436,1.0,isolet,classification,DT,my
7445,422.8814102564102,0.9677578559751654,3.3509087670523403,27,348.1364390850067,0.6448717948717949,88.0,0.19230769230769232,1.0,isolet,classification,DT,my
1174,416.73141025641013,1.0011476683743568,22.539831179365038,23,586.6108112335205,0.639102564102564,102.0,0.15320512820512822,1.0,isolet,classification,DT,my
3857,417.61794871794876,0.9913163981106325,2.255251642943951,22,515.8050549030304,0.6410256410256411,99.0,0.14166666666666666,1.0,isolet,classification,DT,my
7422,424.2666666666667,1.0220419435018748,44.13372628657352,28,425.07061314582825,0.6519230769230769,156.0,0.15320512820512822,1.0,isolet,classification,DT,my
8445,413.04935897435894,0.9745479627694755,2.8136715195595006,25,414.3009080886841,0.6275641025641026,69.0,0.19230769230769232,1.0,isolet,classification,DT,my
5357,420.82692307692315,0.9853635936452202,33.23341921844182,25,405.09257793426514,0.6416666666666667,103.0,0.15320512820512822,1.0,isolet,classification,DT,my
1746,418.16923076923086,0.9664464938506954,1.254262676841847,24,510.03127813339233,0.6352564102564102,54.0,0.15320512820512822,1.0,isolet,classification,DT,my
3378,420.6442307692307,1.0537450093789387,6.162481776863049,24,445.3431589603424,0.6403846153846153,141.0,0.14807692307692308,1.0,isolet,classification,DT,my
5206,418.901282051282,0.9626425458314798,2.0671982525836965,29,371.28012585639954,0.6403846153846153,71.0,0.19230769230769232,1.0,isolet,classification,DT,my
9235,413.3128205128204,1.0191258619553358,49.35480756903352,26,457.0634570121765,0.632051282051282,174.0,0.15320512820512822,1.0,isolet,classification,DT,my
8185,414.22435897435895,0.9908886257245008,19.55717490842491,36,417.4574589729309,0.632051282051282,145.0,0.1519230769230769,1.0,isolet,classification,DT,my
8577,417.2923076923078,1.0094423182928602,54.33375729783037,25,431.30241894721985,0.6371794871794871,155.0,0.15320512820512822,1.0,isolet,classification,DT,my
9616,411.45512820512835,1.1091751783745678,44.87478792134102,23,542.1117839813232,0.6301282051282051,225.0,0.14166666666666666,1.0,isolet,classification,DT,my
6067,419.3576923076923,1.0379736632846737,70.59071454759037,36,561.0056278705597,0.6461538461538462,280.0,0.19230769230769232,1.0,isolet,classification,DT,my
1770,416.5576923076923,0.9847735807543105,1.2789343618925066,34,607.8965046405792,0.6371794871794871,130.0,0.15320512820512822,1.0,isolet,classification,DT,my
9305,417.92820512820515,0.9981982811114385,12.399633162853782,32,427.4018700122833,0.6384615384615384,151.0,0.19230769230769232,1.0,isolet,classification,DT,my
5510,418.0942307692308,0.9664240389034044,0.2040214935349551,25,449.33749890327454,0.6352564102564102,54.0,0.14807692307692308,1.0,isolet,classification,DT,my
8527,301.28846153846155,0.9860845507979964,62.202101817119846,8,1225.0180916786194,0.6455128205128206,236.0,0.5942307692307692,184.0,isolet,classification,DT,nsga2
2114,301.0256410256411,0.9642821090160825,2.538630230020454,9,1213.5368399620056,0.6493589743589744,226.0,0.5025641025641026,186.0,isolet,classification,DT,nsga2
4033,291.3461538461539,0.9898974954775714,26.6920570394112,10,1256.5004727840424,0.6525641025641026,254.0,0.5820512820512821,202.0,isolet,classification,DT,nsga2
7445,303.2923076923077,0.9805193302355757,17.94837640102063,7,1252.750324010849,0.658974358974359,222.0,0.6128205128205129,189.0,isolet,classification,DT,nsga2
1174,306.4006410256411,0.9634738732287881,15.03532102646285,9,1206.3939781188965,0.658974358974359,230.0,0.5993589743589743,184.0,isolet,classification,DT,nsga2
3857,293.1397435897436,0.9762985325321154,56.529538625904,6,1253.9881219863892,0.6525641025641026,267.0,0.6243589743589744,200.0,isolet,classification,DT,nsga2
7422,295.50705128205135,0.97791468170321,9.752686084214933,11,1243.0604860782623,0.6493589743589744,235.0,0.5,194.0,isolet,classification,DT,nsga2
8445,305.8115384615386,0.9553571019643492,8.509477397454159,9,1220.1214079856873,0.6551282051282051,229.0,0.6115384615384616,183.0,isolet,classification,DT,nsga2
5357,298.0871794871796,0.9961036210749239,0.6916935254916023,11,1225.3933491706848,0.6551282051282051,258.0,0.592948717948718,194.0,isolet,classification,DT,nsga2
1746,292.7711538461539,0.9769480545441463,45.60410679651545,6,1234.9138581752777,0.6467948717948718,236.0,0.6288461538461538,197.0,isolet,classification,DT,nsga2
3378,300.9410256410256,0.93957336263132,14.626161703740227,10,1218.7010748386383,0.6506410256410257,252.0,0.5871794871794872,187.0,isolet,classification,DT,nsga2
5206,293.9346153846154,0.969872476289871,9.354944115713344,10,1231.5745010375977,0.6532051282051282,240.0,0.5506410256410257,199.0,isolet,classification,DT,nsga2
9235,301.71730769230777,0.9962112873099889,80.06254478961209,7,1206.8974542617798,0.6455128205128206,224.0,0.5525641025641026,183.0,isolet,classification,DT,nsga2
8185,295.12371794871797,0.9537338051420108,11.24999330210388,5,1267.3918721675873,0.6544871794871795,237.0,0.6185897435897436,198.0,isolet,classification,DT,nsga2
8577,293.09166666666664,0.9811681980082491,8.70355578840675,6,1276.0486316680908,0.6467948717948718,218.0,0.55,196.0,isolet,classification,DT,nsga2
9616,297.0480769230769,0.9837648792123799,23.542025337405946,9,1254.376350402832,0.6538461538461539,267.0,0.5801282051282052,195.0,isolet,classification,DT,nsga2
6067,298.2044871794872,0.9734844612160384,37.96355897070641,10,1263.8151259422302,0.6538461538461539,262.0,0.5961538461538461,193.0,isolet,classification,DT,nsga2
1770,295.7807692307693,0.9675323657101147,79.3125623806393,7,1245.9596681594849,0.65,260.0,0.5967948717948718,194.0,isolet,classification,DT,nsga2
9305,296.9474358974359,0.975108228912869,2.910565476190476,7,1243.8761270046234,0.6493589743589744,219.0,0.6282051282051282,193.0,isolet,classification,DT,nsga2
5510,304.925,0.9811683703658656,28.547411187815026,6,1224.4306437969208,0.6608974358974359,220.0,0.6032051282051282,188.0,isolet,classification,DT,nsga2
8527,300.5576923076923,0.9837660520701003,150.83875982279827,7,1241.5347681045532,0.6628205128205128,262.0,0.6301282051282051,196.0,isolet,classification,DT,spea2
2114,305.5012820512821,0.9455421140118034,76.36412317205584,12,1228.0948979854584,0.6474358974358975,267.0,0.5512820512820513,178.0,isolet,classification,DT,spea2
4033,308.4423076923077,0.9991879050710822,170.70469449695008,9,1199.528384923935,0.6557692307692308,255.0,0.592948717948718,180.0,isolet,classification,DT,spea2
7445,305.8410256410257,0.9675324627206066,7.864426364234058,9,1242.0807480812073,0.6525641025641026,225.0,0.6282051282051282,182.0,isolet,classification,DT,spea2
1174,316.88461538461536,0.9480480810925961,15.764032940350248,11,1181.379631280899,0.6506410256410257,228.0,0.5506410256410257,163.0,isolet,classification,DT,spea2
3857,302.6519230769232,0.9805193004540551,24.146349147647225,7,1211.8766160011292,0.6442307692307693,219.0,0.6076923076923076,181.0,isolet,classification,DT,spea2
7422,301.0608974358974,0.998608102735865,19.0832683795905,8,1208.5235221385956,0.6532051282051282,229.0,0.5871794871794872,189.0,isolet,classification,DT,spea2
8445,305.1730769230769,0.9461036867631923,5.956828716155641,11,1232.4251780509949,0.6602564102564102,243.0,0.6128205128205129,187.0,isolet,classification,DT,spea2
5357,298.973717948718,0.9688731900379708,10.394481247576664,13,1256.1638820171356,0.6615384615384615,261.0,0.5237179487179487,196.0,isolet,classification,DT,spea2
1746,296.9929487179487,0.9693877075650799,55.417677918369016,8,1235.9171171188354,0.6628205128205128,278.0,0.6365384615384615,200.0,isolet,classification,DT,spea2
3378,295.5615384615385,1.0137986233964182,169.01564028371317,9,1237.9691860675812,0.6544871794871795,271.0,0.6339743589743589,198.0,isolet,classification,DT,spea2
5206,302.5173076923078,0.9870083693818704,63.841672912557534,6,1219.3027820587158,0.6525641025641026,236.0,0.5102564102564102,186.0,isolet,classification,DT,spea2
9235,299.2217948717949,0.994047253869309,1.331624479509095,4,1241.1472959518433,0.65,203.0,0.6096153846153847,190.0,isolet,classification,DT,spea2
8185,291.4230769230769,0.9759719245632099,4.28550000747116,11,1235.6916360855103,0.6487179487179487,242.0,0.5352564102564102,200.0,isolet,classification,DT,spea2
8577,305.098076923077,1.0010813890631352,123.29470443421727,10,1249.4425830841064,0.6564102564102564,250.0,0.5506410256410257,184.0,isolet,classification,DT,spea2
9616,300.098717948718,0.9519479467995938,3.8766846920885363,6,1230.1235098838806,0.6506410256410257,231.0,0.6115384615384616,189.0,isolet,classification,DT,spea2
6067,301.22371794871793,0.9430014790638473,6.269291237489956,10,1267.6000967025757,0.6653846153846154,258.0,0.6442307692307693,196.0,isolet,classification,DT,spea2
1770,313.20448717948733,0.9673517378783713,12.881967953283656,10,1218.8399639129639,0.6564102564102564,226.0,0.6025641025641025,173.0,isolet,classification,DT,spea2
9305,296.7634615384615,0.999260484598701,1.18181342517881,12,1252.810114145279,0.6544871794871795,254.0,0.5237179487179487,195.0,isolet,classification,DT,spea2
5510,307.39038461538456,1.000811494049478,1.2420113206771861,9,1210.0624799728394,0.6692307692307692,252.0,0.6423076923076924,190.0,isolet,classification,DT,spea2
8527,289.8512820512821,0.9863629247244244,0.7753704052357898,11,1250.6906220912933,0.6512820512820513,238.0,0.5916666666666667,204.0,isolet,classification,DT,smsemoa
2114,297.9384615384615,0.9734833572849115,7.8611662909739835,7,1222.477140903473,0.65,223.0,0.6044871794871794,192.0,isolet,classification,DT,smsemoa
4033,290.2032051282051,0.9886363122680923,13.692570964825775,5,1252.5796930789948,0.6564102564102564,225.0,0.6352564102564102,207.0,isolet,classification,DT,smsemoa
7445,292.49038461538464,0.9821428490545899,23.63004312638928,7,1267.8513867855072,0.6557692307692308,236.0,0.6397435897435897,203.0,isolet,classification,DT,smsemoa
1174,290.55512820512814,0.9724020794407766,6.5301957124072505,8,1248.7979619503021,0.6512820512820513,238.0,0.5948717948717949,203.0,isolet,classification,DT,smsemoa
3857,285.39230769230767,0.9818156539990851,1.0463389292331597,11,1258.9483120441437,0.6474358974358975,240.0,0.5615384615384615,208.0,isolet,classification,DT,smsemoa
7422,289.9326923076924,1.0178567807522678,403.99985576923075,9,1247.553708076477,0.6487179487179487,294.0,0.5884615384615385,202.0,isolet,classification,DT,smsemoa
8445,290.31602564102565,0.9805186855484895,8.25545840377571,7,1256.0505471229553,0.6538461538461539,229.0,0.5967948717948718,205.0,isolet,classification,DT,smsemoa
5357,291.1416666666667,0.9610375506183918,56.20695184089414,7,1283.3771681785583,0.658974358974359,280.0,0.5525641025641026,205.0,isolet,classification,DT,smsemoa
1746,293.78461538461545,0.9672888360837035,32.375882987872174,8,1229.4408531188965,0.6442307692307693,251.0,0.541025641025641,194.0,isolet,classification,DT,smsemoa
3378,293.70512820512823,0.978896081071211,0.0,2,1249.6199922561646,0.6551282051282051,214.0,0.6294871794871795,201.0,isolet,classification,DT,smsemoa
5206,287.351923076923,0.9701298322189313,0.2713040762656148,6,1232.8187041282654,0.6403846153846153,239.0,0.607051282051282,201.0,isolet,classification,DT,smsemoa
9235,296.7596153846154,0.9798699297870167,40.65504231043174,6,1225.3318719863892,0.6506410256410257,232.0,0.617948717948718,194.0,isolet,classification,DT,smsemoa
8185,285.6826923076924,0.9713191145398052,5.310008883566576,7,1271.8312180042267,0.6448717948717949,234.0,0.45705128205128204,205.0,isolet,classification,DT,smsemoa
8577,291.52243589743597,0.9684598965210037,1.9900819479665626,8,1274.6853919029236,0.6583333333333333,253.0,0.592948717948718,205.0,isolet,classification,DT,smsemoa
9616,291.1692307692308,0.9891773837515991,1.6499664876908466,10,1262.6728200912476,0.6538461538461539,233.0,0.5615384615384615,203.0,isolet,classification,DT,smsemoa
6067,295.84038461538466,0.9684601009488893,14.29804562758289,8,1242.6602380275726,0.6506410256410257,241.0,0.6083333333333333,195.0,isolet,classification,DT,smsemoa
1770,292.24679487179486,0.9666291749605961,9.609765601030025,10,1266.7723939418793,0.6506410256410257,248.0,0.5487179487179488,199.0,isolet,classification,DT,smsemoa
9305,284.15576923076935,0.9837661493830867,4.481320735888045,7,1265.7996888160706,0.6474358974358975,233.0,0.6134615384615385,210.0,isolet,classification,DT,smsemoa
5510,298.89294871794874,0.9624299803853369,4.540107475990889,8,1244.9629609584808,0.6487179487179487,237.0,0.5782051282051283,189.0,isolet,classification,DT,smsemoa
8527,53.73273615635179,0.8313160964178988,0.9571171484638499,34,43.45884680747986,0.9283387622149837,49.0,0.5765472312703583,1.0,spambase,classification,LogReg,replica
2114,53.154017372421286,0.8529506516005588,0.3664460081617028,33,42.102829694747925,0.9326818675352877,46.0,0.5765472312703583,1.0,spambase,classification,LogReg,replica
4033,53.063897937024976,1.014656437723264,0.5019505385120123,34,43.101901054382324,0.9283387622149837,51.0,0.5765472312703583,1.0,spambase,classification,LogReg,replica
7445,53.81742671009772,0.9836066160784681,0.29935860075897874,39,38.98190188407898,0.9294245385450597,48.0,0.5765472312703583,1.0,spambase,classification,LogReg,replica
1174,53.771824104234526,0.7720178721880153,0.3794249430332277,29,44.24298095703125,0.9305103148751357,34.0,0.5765472312703583,1.0,spambase,classification,LogReg,replica
3857,53.17899022801302,0.7570339703583038,0.2603364100612004,35,45.18298006057739,0.9239956568946797,30.0,0.5765472312703583,1.0,spambase,classification,LogReg,replica
7422,53.35380021715526,0.9567084555474528,0.9278024451142468,26,42.84451222419739,0.9261672095548317,41.0,0.5765472312703583,1.0,spambase,classification,LogReg,replica
8445,53.032410423452774,1.035114725727997,0.7806606343513895,29,48.8048050403595,0.9294245385450597,50.0,0.5765472312703583,1.0,spambase,classification,LogReg,replica
5357,53.0769272529859,0.9304840212586758,1.4754318997376443,18,48.65340709686279,0.9283387622149837,45.0,0.5765472312703583,1.0,spambase,classification,LogReg,replica
1746,53.13773072747016,0.900626639991664,0.2497905555653109,19,35.564783811569214,0.9261672095548317,29.0,0.5765472312703583,1.0,spambase,classification,LogReg,replica
3378,53.216992399565676,1.1347657189029015,20.17950624544541,21,33.69888997077942,0.9326818675352877,48.0,0.5765472312703583,1.0,spambase,classification,LogReg,replica
5206,52.70450597176982,0.8997328855303057,0.3690939496091136,38,46.82494115829468,0.9283387622149837,43.0,0.5765472312703583,1.0,spambase,classification,LogReg,replica
9235,53.31254071661238,0.9822478563139142,0.2568261531992358,36,44.81255888938904,0.9283387622149837,49.0,0.5765472312703583,1.0,spambase,classification,LogReg,replica
8185,52.91948968512486,0.9786319414342934,0.2674675451092727,30,45.563547134399414,0.9283387622149837,45.0,0.5765472312703583,1.0,spambase,classification,LogReg,replica
8577,53.40483170466884,0.9198435363753436,1.1317404491911132,24,31.140345811843872,0.9272529858849077,34.0,0.5765472312703583,1.0,spambase,classification,LogReg,replica
9616,53.474321389793694,1.0516096775424486,13.371416388001036,29,43.532835960388184,0.9250814332247557,48.0,0.5765472312703583,1.0,spambase,classification,LogReg,replica
6067,52.61547231270358,0.9229996791963674,0.2610391550987443,27,39.01833486557007,0.9250814332247557,31.0,0.5765472312703583,1.0,spambase,classification,LogReg,replica
1770,53.59267100977199,0.845598367262328,0.23570645884004804,18,31.968348026275635,0.9283387622149837,30.0,0.5765472312703583,1.0,spambase,classification,LogReg,replica
9305,53.35814332247557,0.9349202242570551,1.6255338771427943,28,52.8325309753418,0.9283387622149837,47.0,0.5765472312703583,1.0,spambase,classification,LogReg,replica
5510,53.26042345276873,1.0910242537303556,3.202531180504421,22,52.64803719520569,0.9250814332247557,53.0,0.5765472312703583,1.0,spambase,classification,LogReg,replica
8527,54.70233441910967,0.7074323312294056,0.4405566153754463,22,15.376596927642822,0.9283387622149837,33.0,0.761129207383279,1.0,spambase,classification,LogReg,my
2114,54.70884907709012,0.755442590461882,0.2975507777044133,27,14.980686902999878,0.9315960912052117,32.0,0.761129207383279,1.0,spambase,classification,LogReg,my
4033,54.836970684039095,0.7304684972608585,0.3184659844765107,23,15.114304780960083,0.9326818675352877,31.0,0.761129207383279,1.0,spambase,classification,LogReg,my
7445,54.378773072747016,0.8332949670532155,1.2279954214987074,19,15.481778860092163,0.9250814332247557,33.0,0.761129207383279,1.0,spambase,classification,LogReg,my
1174,54.61872964169382,0.7057177621057953,0.5054206012094161,22,14.182998180389404,0.9326818675352877,33.0,0.761129207383279,1.0,spambase,classification,LogReg,my
3857,54.7826818675353,0.7762058359298439,0.1076873824080379,18,14.955703020095825,0.9305103148751357,24.0,0.761129207383279,1.0,spambase,classification,LogReg,my
7422,54.60678610206298,0.8570918162164084,9.30606814036877,22,16.070127725601196,0.9283387622149837,43.0,0.761129207383279,1.0,spambase,classification,LogReg,my
8445,54.76205211726384,0.737194355898403,0.08792896403375028,22,15.251838207244873,0.9294245385450597,32.0,0.761129207383279,1.0,spambase,classification,LogReg,my
5357,54.80222584147665,0.75157403940817,0.2665858260423443,23,14.611042737960815,0.9272529858849077,32.0,0.761129207383279,1.0,spambase,classification,LogReg,my
1746,54.94771986970686,0.7410297009466692,0.42047797736728115,25,15.730262994766235,0.9326818675352877,27.0,0.761129207383279,1.0,spambase,classification,LogReg,my
3378,54.52100977198698,0.7427965512377859,0.24742535828064588,21,15.780541896820068,0.9250814332247557,33.0,0.761129207383279,1.0,spambase,classification,LogReg,my
5206,54.88040173724213,0.800767963337385,0.2967445676781821,27,16.881123065948486,0.9315960912052117,36.0,0.761129207383279,1.0,spambase,classification,LogReg,my
9235,54.92491856677524,0.8213675951250102,4.748851021945275,17,16.027976036071777,0.9294245385450597,29.0,0.761129207383279,1.0,spambase,classification,LogReg,my
8185,54.5742128121607,0.8159422393963399,0.8960198585037759,24,15.664517164230347,0.9294245385450597,50.0,0.761129207383279,1.0,spambase,classification,LogReg,my
8577,55.071498371335515,0.8129758066278713,0.4981575212550774,18,15.030361652374268,0.9305103148751357,29.0,0.761129207383279,1.0,spambase,classification,LogReg,my
9616,54.76748099891423,0.8070956093834057,1.0916131034413454,21,16.453662872314453,0.9305103148751357,34.0,0.761129207383279,1.0,spambase,classification,LogReg,my
6067,54.502551574375666,0.7555955071063205,8.653825802609846,20,16.760401248931885,0.9283387622149837,43.0,0.761129207383279,1.0,spambase,classification,LogReg,my
1770,54.5959283387622,0.8485462938783678,0.2549079165172312,24,17.029120922088623,0.9294245385450597,46.0,0.761129207383279,1.0,spambase,classification,LogReg,my
9305,54.59267100977199,0.8228675579824664,1.744588161461974,25,17.291003942489624,0.9272529858849077,32.0,0.761129207383279,1.0,spambase,classification,LogReg,my
5510,54.785939196525526,0.7442461610231424,0.5198336956668611,26,17.172892808914185,0.9305103148751357,39.0,0.761129207383279,1.0,spambase,classification,LogReg,my
8527,54.174592833876225,0.7677802850962725,0.0002781101264436712,17,18.428658962249756,0.9337676438653637,24.0,0.7231270358306189,2.0,spambase,classification,LogReg,nsga2
2114,54.86302931596091,0.8429633440471558,6.436500431481148,16,18.119192123413086,0.9315960912052117,33.0,0.6482084690553745,1.0,spambase,classification,LogReg,nsga2
4033,52.546905537459274,0.8214081905374769,0.5155730505835016,16,18.21218991279602,0.9315960912052117,28.0,0.8284473398479913,4.0,spambase,classification,LogReg,nsga2
7445,50.74657980456026,0.8928500170858951,1.8173081385210956,11,19.278451919555664,0.9305103148751357,21.0,0.8686210640608035,6.0,spambase,classification,LogReg,nsga2
1174,51.68583061889251,0.749991111157574,2.406412157093862,11,20.06588912010193,0.9359391965255157,35.0,0.8469055374592834,5.0,spambase,classification,LogReg,nsga2
3857,52.536047774158526,0.8071156923691511,1.7849112350252945,11,18.98542809486389,0.9326818675352877,27.0,0.8154180238870793,4.0,spambase,classification,LogReg,nsga2
7422,54.979207383279046,,,16,17.948076725006104,0.9305103148751357,21.0,-inf,0.0,spambase,classification,LogReg,nsga2
8445,54.165906623235614,0.7924474125669565,0.1297876079200019,14,18.544612169265747,0.9326818675352877,21.0,0.7339847991313789,2.0,spambase,classification,LogReg,nsga2
5357,53.103963083604775,0.9099172170401502,13.347473847765627,13,19.165310859680176,0.9315960912052117,33.0,0.5765472312703583,3.0,spambase,classification,LogReg,nsga2
1746,53.490499457111824,0.9106797996301079,4.78570072824654,15,18.21554398536682,0.9348534201954397,24.0,0.7969598262757872,3.0,spambase,classification,LogReg,nsga2
3378,53.307003257328994,0.8881220863926264,0.25796580031035116,20,18.16009497642517,0.9305103148751357,26.0,0.7806731813246471,3.0,spambase,classification,LogReg,nsga2
5206,53.22665580890337,0.8501980677918948,4.536965319997501,14,18.660656929016113,0.9305103148751357,28.0,0.7709011943539631,3.0,spambase,classification,LogReg,nsga2
9235,54.2799131378936,0.8213902206365474,0.6262555795946071,12,18.17360496520996,0.9326818675352877,24.0,0.7850162866449512,2.0,spambase,classification,LogReg,nsga2
8185,54.077958740499454,0.8129071268170529,0.6439242707205399,18,18.844794034957886,0.9315960912052117,26.0,0.7242128121606949,2.0,spambase,classification,LogReg,nsga2
8577,54.01064060803474,0.8360156162477212,0.1889807329312695,18,18.590741872787476,0.9294245385450597,24.0,0.7003257328990228,2.0,spambase,classification,LogReg,nsga2
9616,53.34066232356136,0.804472734023484,0.576823465451322,20,18.853404998779297,0.9348534201954397,33.0,0.7904451682953312,3.0,spambase,classification,LogReg,nsga2
6067,51.88235613463627,0.839283389135242,0.6402472545285731,15,20.29304075241089,0.9381107491856677,26.0,0.8664495114006515,5.0,spambase,classification,LogReg,nsga2
1770,54.20825190010857,0.7819521245222012,0.19969493525890328,20,18.86215090751648,0.9315960912052117,22.0,0.8219326818675353,2.0,spambase,classification,LogReg,nsga2
9305,53.246199782844734,0.8404571222387749,1.4696659075909781,14,19.316504955291748,0.9315960912052117,25.0,0.7187839305103149,3.0,spambase,classification,LogReg,nsga2
5510,51.78572204125952,0.8928434860056165,2.0646222791242894,16,20.17379117012024,0.9337676438653637,25.0,0.8458197611292074,5.0,spambase,classification,LogReg,nsga2
8527,54.30380021715527,0.7880261697482198,0.25900065931836536,24,18.233698844909668,0.9326818675352877,23.0,0.760043431053203,2.0,spambase,classification,LogReg,spea2
2114,54.108360477741584,0.78271037215553,1.0404487081284433,20,19.43133306503296,0.9326818675352877,27.0,0.6612377850162866,2.0,spambase,classification,LogReg,spea2
4033,54.320086862106415,0.8366807197177056,0.6933227029312928,15,18.76937508583069,0.9315960912052117,20.0,0.7643865363735071,2.0,spambase,classification,LogReg,spea2
7445,55.10190010857763,0.8213888171823224,0.4339141321310114,17,18.30786895751953,0.9326818675352877,25.0,0.7122692725298588,1.0,spambase,classification,LogReg,spea2
1174,51.683659066232366,0.8640060384939114,0.2230482949907029,14,19.83454394340515,0.9305103148751357,16.0,0.8458197611292074,5.0,spambase,classification,LogReg,spea2
3857,54.30488599348534,0.9183117392953685,11.48066451914132,15,18.917446851730347,0.9305103148751357,32.0,0.7785016286644951,2.0,spambase,classification,LogReg,spea2
7422,54.305971769815415,0.7966766054232999,0.13069430001174637,14,19.109052181243896,0.9305103148751357,18.0,0.8023887079261672,2.0,spambase,classification,LogReg,spea2
8445,54.35374592833877,0.8473658875727376,0.00016447584061033557,12,18.57021999359131,0.9315960912052117,16.0,0.7741585233441911,2.0,spambase,classification,LogReg,spea2
5357,54.212595005428895,0.8238201796995389,0.42981992819762976,15,18.118989944458008,0.9294245385450597,19.0,0.7068403908794788,2.0,spambase,classification,LogReg,spea2
1746,52.74668838219327,0.902371530219921,6.245326485436723,16,20.075977087020874,0.9348534201954397,32.0,0.8458197611292074,4.0,spambase,classification,LogReg,spea2
3378,52.77926167209555,0.8392901842487664,0.539722108519432,20,19.805341958999634,0.9359391965255157,23.0,0.8393051031487514,4.0,spambase,classification,LogReg,spea2
5206,54.9672638436482,0.8393452733784693,1.5022787499857548,16,18.98058009147644,0.9315960912052117,22.0,0.7318132464712269,1.0,spambase,classification,LogReg,spea2
9235,55.16813246471227,0.8140742493644867,1.287265127273416,18,19.091467142105103,0.9326818675352877,22.0,0.761129207383279,1.0,spambase,classification,LogReg,spea2
8185,53.58061889250815,0.8414679336606943,0.44501643262177776,17,20.348484754562378,0.9348534201954397,22.0,0.7969598262757872,3.0,spambase,classification,LogReg,spea2
8577,53.67725298588492,0.8378970345491263,0.22702917690132413,14,20.574451208114624,0.9370249728555917,21.0,0.8121606948968513,3.0,spambase,classification,LogReg,spea2
9616,53.46661237785017,0.8148986147705419,0.6198354934362743,12,19.321712970733643,0.9326818675352877,21.0,0.7980456026058632,3.0,spambase,classification,LogReg,spea2
6067,52.77709011943539,0.8660582301652975,0.51666159454571,21,20.290458917617798,0.9359391965255157,25.0,0.8425624321389794,4.0,spambase,classification,LogReg,spea2
1770,55.10407166123779,0.7945941354405235,0.18569077586648688,17,19.336308002471924,0.9326818675352877,21.0,0.761129207383279,1.0,spambase,classification,LogReg,spea2
9305,53.373235613463635,0.8571434825461528,0.9841915694073279,13,21.198718070983887,0.9315960912052117,19.0,0.7871878393051032,3.0,spambase,classification,LogReg,spea2
5510,55.17247557003258,0.9475637213149621,0.20491501432572426,16,20.019339084625244,0.9315960912052117,27.0,0.761129207383279,1.0,spambase,classification,LogReg,spea2
8527,48.89087947882736,0.8902933983989303,0.1235381513036979,8,17.261340856552124,0.9305103148751357,17.0,0.8729641693811075,8.0,spambase,classification,LogReg,smsemoa
2114,49.79212812160694,0.8789527127633823,0.8967693667771829,10,20.595197916030884,0.9305103148751357,20.0,0.8566775244299675,7.0,spambase,classification,LogReg,smsemoa
4033,48.92888165038003,0.8928493005722256,1.5652408390368473,11,20.44095277786255,0.9326818675352877,23.0,0.8805646036916395,8.0,spambase,classification,LogReg,smsemoa
7445,48.95602605863193,0.9107112658910317,0.5682417524983494,7,21.236042976379395,0.9315960912052117,17.0,0.8914223669923995,8.0,spambase,classification,LogReg,smsemoa
1174,49.74326818675353,0.9205665170582797,0.7699100714170724,10,20.08301615715027,0.9294245385450597,17.0,0.8262757871878393,7.0,spambase,classification,LogReg,smsemoa
3857,49.82687296416938,0.8948406517462006,0.6676410883751722,10,20.609243869781494,0.9305103148751357,18.0,0.8870792616720955,7.0,spambase,classification,LogReg,smsemoa
7422,51.63588490770901,0.8714063024681064,0.5659784385176698,16,20.20385503768921,0.9326818675352877,23.0,0.8110749185667753,5.0,spambase,classification,LogReg,smsemoa
8445,50.696634093376765,0.8794665138260034,0.512485969330781,9,20.48128390312195,0.9305103148751357,19.0,0.8729641693811075,6.0,spambase,classification,LogReg,smsemoa
5357,48.061292073832796,0.8973178375268663,0.9984967257078015,9,21.032833099365234,0.9337676438653637,20.0,0.8870792616720955,9.0,spambase,classification,LogReg,smsemoa
1746,48.801845819761134,0.9336163648506179,0.4161099894622267,8,17.441389083862305,0.9294245385450597,18.0,0.8327904451682954,8.0,spambase,classification,LogReg,smsemoa
3378,51.65542888165038,0.8392899368210369,0.2330787280187274,16,20.916118144989014,0.9315960912052117,20.0,0.8393051031487514,5.0,spambase,classification,LogReg,smsemoa
5206,51.614169381107494,0.8928457792468011,1.0227064334048672,9,19.665636777877808,0.9294245385450597,17.0,0.8501628664495114,5.0,spambase,classification,LogReg,smsemoa
9235,49.913735070575456,0.8888841501600293,1.6095617479780708,10,20.427547931671143,0.9337676438653637,21.0,0.8729641693811075,7.0,spambase,classification,LogReg,smsemoa
8185,49.78018458197611,0.8928414273148522,0.6116616949402089,9,20.227893829345703,0.9305103148751357,19.0,0.8588490770901195,7.0,spambase,classification,LogReg,smsemoa
8577,50.67817589576547,0.9107063928843032,1.253062514073241,9,20.710294008255005,0.9305103148751357,18.0,0.8566775244299675,6.0,spambase,classification,LogReg,smsemoa
9616,50.77263843648208,0.9146673326299797,1.9544317266227667,10,20.30970597267151,0.9315960912052117,19.0,0.8555917480998915,6.0,spambase,classification,LogReg,smsemoa
6067,49.72589576547231,0.8750072745005717,0.25393657237496425,14,19.60658097267151,0.9305103148751357,20.0,0.8186753528773073,7.0,spambase,classification,LogReg,smsemoa
1770,48.78881650380021,0.9047519420824786,0.23544050065286362,7,19.97707200050354,0.9294245385450597,16.0,0.8816503800217155,8.0,spambase,classification,LogReg,smsemoa
9305,48.79533116178067,0.9301970618833203,1.2834258742146358,12,17.911209106445312,0.9315960912052117,23.0,0.8469055374592834,8.0,spambase,classification,LogReg,smsemoa
5510,48.95494028230185,0.8857086555158404,1.0907724016255667,11,19.053292989730835,0.9326818675352877,22.0,0.8849077090119435,8.0,spambase,classification,LogReg,smsemoa
8527,54.87497285559174,0.8703297245917674,1.5140755708764246,20,587.2717747688293,0.9435396308360477,49.0,0.6525515743756786,1.0,spambase,classification,SVC,replica
2114,53.376601520086865,1.0043336226837984,0.3451381663151549,25,595.5584189891815,0.9489685124864278,46.0,0.6525515743756786,1.0,spambase,classification,SVC,replica
4033,53.30494028230185,0.8845781952061686,0.6466952337421864,18,575.3774452209473,0.9435396308360477,37.0,0.6525515743756786,1.0,spambase,classification,SVC,replica
7445,54.88800217155266,0.9030512541559381,2.6385133919431394e-05,15,538.2641670703888,0.9446254071661238,27.0,0.7915309446254072,1.0,spambase,classification,SVC,replica
1174,53.74902280130293,1.0655692668300871,9.27441514792044,27,585.255793094635,0.9413680781758957,46.0,0.6525515743756786,1.0,spambase,classification,SVC,replica
3857,54.091042345276875,1.0640321361447118,21.54749039482883,21,586.8243560791016,0.9435396308360477,48.0,0.6525515743756786,1.0,spambase,classification,SVC,replica
7422,54.15836047774158,1.053232007798521,7.285767071096359,26,575.617969751358,0.9478827361563518,46.0,0.6525515743756786,1.0,spambase,classification,SVC,replica
8445,54.15944625407165,0.9641940263665274,1.0098588959743986,14,552.1801362037659,0.9413680781758957,27.0,0.6525515743756786,1.0,spambase,classification,SVC,replica
5357,53.787024972855576,0.9998227068155566,0.3159204479230156,25,582.5580141544342,0.9467969598262758,49.0,0.6525515743756786,1.0,spambase,classification,SVC,replica
1746,54.09647122692725,1.0615008344599464,9.989400339447554,10,538.2036018371582,0.9381107491856677,36.0,0.7915309446254072,1.0,spambase,classification,SVC,replica
3378,54.51666666666668,1.2011502984631364,22.276382309183482,23,563.04496717453,0.9435396308360477,49.0,0.7687296416938111,1.0,spambase,classification,SVC,replica
5206,53.772909880564605,0.969791912831655,0.5202458257425475,20,595.040539264679,0.9457111834961998,47.0,0.6525515743756786,1.0,spambase,classification,SVC,replica
9235,54.24522258414766,1.0123117146819036,1.1786746887248496,35,560.0838298797607,0.9435396308360477,53.0,0.6525515743756786,1.0,spambase,classification,SVC,replica
8185,54.044353963083594,0.9408998841076686,0.000989170465769688,14,563.9350640773773,0.9424538545059717,28.0,0.6525515743756786,1.0,spambase,classification,SVC,replica
8577,54.52752442996742,0.8821592742319596,0.26201935396134984,34,555.4441378116608,0.9457111834961998,39.0,0.6525515743756786,1.0,spambase,classification,SVC,replica
9616,54.51666666666666,0.869968203308593,0.217167526681686,15,567.7438910007477,0.9424538545059717,30.0,0.6525515743756786,1.0,spambase,classification,SVC,replica
6067,54.67953311617807,0.792987634044186,0.14977032650124097,24,570.4053671360016,0.9467969598262758,34.0,0.6525515743756786,1.0,spambase,classification,SVC,replica
1770,54.44609120521174,0.970115344870696,0.26171720360133505,16,555.0153069496155,0.9391965255157437,26.0,0.6525515743756786,1.0,spambase,classification,SVC,replica
9305,53.686047774158524,1.1423060065670207,16.25399000205523,21,586.9302668571472,0.9424538545059717,51.0,0.6525515743756786,1.0,spambase,classification,SVC,replica
5510,54.390716612377844,0.9005802674424683,0.8750711326852018,38,574.8607790470123,0.9424538545059717,49.0,0.6525515743756786,1.0,spambase,classification,SVC,replica
8527,55.82068403908796,0.712367762549065,0.4415623732427875,39,469.5079951286316,0.9500542888165038,42.0,0.7915309446254072,1.0,spambase,classification,SVC,my
2114,55.71644951140065,0.8124746269016966,0.24451279373039816,25,461.53805017471313,0.9467969598262758,44.0,0.7915309446254072,1.0,spambase,classification,SVC,my
4033,55.71970684039088,0.7142387511085238,1.1397031543315324,25,462.7527458667755,0.9467969598262758,43.0,0.7915309446254072,1.0,spambase,classification,SVC,my
7445,56.006351791530946,0.6861902554771864,0.08806683273786373,22,444.18053913116455,0.9467969598262758,24.0,0.7915309446254072,1.0,spambase,classification,SVC,my
1174,55.784853420195454,0.6479038451037337,0.5865382199560811,22,466.37812876701355,0.9478827361563518,37.0,0.7915309446254072,1.0,spambase,classification,SVC,my
3857,55.9987513572204,0.8170967933897196,0.668662422045694,26,460.15308904647827,0.9478827361563518,39.0,0.7915309446254072,1.0,spambase,classification,SVC,my
7422,55.74250814332246,0.7358581642657297,0.21091790013252815,20,461.29098200798035,0.9446254071661238,26.0,0.7915309446254072,1.0,spambase,classification,SVC,my
8445,55.96074918566775,0.7571006429103652,0.3003255700971327,21,462.2241048812866,0.9489685124864278,32.0,0.7915309446254072,1.0,spambase,classification,SVC,my
5357,55.72296416938111,0.7584885735527809,0.8631951531787974,24,478.28488183021545,0.9467969598262758,40.0,0.7915309446254072,1.0,spambase,classification,SVC,my
1746,55.687133550488596,0.7434561274416231,0.4988721300507794,23,452.38566398620605,0.9446254071661238,41.0,0.7915309446254072,1.0,spambase,classification,SVC,my
3378,55.92383279044517,0.7544186699672513,2.9972304451211387,25,468.3443229198456,0.9489685124864278,40.0,0.7915309446254072,1.0,spambase,classification,SVC,my
5206,55.820684039087936,0.8420650891224157,0.47138081847270435,20,477.4537630081177,0.9489685124864278,41.0,0.7915309446254072,1.0,spambase,classification,SVC,my
9235,55.933604777415844,0.7884219009148367,0.31146401772320587,27,462.42556405067444,0.9467969598262758,33.0,0.7915309446254072,1.0,spambase,classification,SVC,my
8185,55.73382193268186,0.7301147444400635,0.3133328867262849,19,482.78635001182556,0.9457111834961998,32.0,0.7915309446254072,1.0,spambase,classification,SVC,my
8577,55.759880564603684,0.7089784771799643,0.48191243096353653,18,453.6755006313324,0.9446254071661238,30.0,0.7915309446254072,1.0,spambase,classification,SVC,my
9616,55.83588490770902,0.8420560154208467,0.4228044022245664,20,454.2062158584595,0.9435396308360477,33.0,0.7915309446254072,1.0,spambase,classification,SVC,my
6067,55.894516829533124,0.7825660083241295,0.4356821342936292,24,446.53798389434814,0.9457111834961998,29.0,0.7915309446254072,1.0,spambase,classification,SVC,my
1770,55.941205211726384,0.7471373771835326,0.366371300013483,20,446.968056678772,0.9478827361563518,26.0,0.7915309446254072,1.0,spambase,classification,SVC,my
9305,55.776167209554835,0.7201905095068923,0.24493650978908119,25,467.7367310523987,0.9457111834961998,38.0,0.7915309446254072,1.0,spambase,classification,SVC,my
5510,55.604614549402825,0.6887568298879212,0.20944077068719014,29,483.0729284286499,0.9467969598262758,33.0,0.7915309446254072,1.0,spambase,classification,SVC,my
8527,55.150705754614556,0.750009719628827,0.21657457412850042,21,449.6064250469208,0.9457111834961998,22.0,0.8393051031487514,2.0,spambase,classification,SVC,nsga2
2114,55.28642779587405,0.8080296996533698,1.224447527988196,17,453.02350997924805,0.9500542888165038,28.0,0.8393051031487514,2.0,spambase,classification,SVC,nsga2
4033,52.49799131378937,0.8571445472796589,0.46855355180111946,16,456.90007185935974,0.9467969598262758,23.0,0.9011943539630836,5.0,spambase,classification,SVC,nsga2
7445,53.369923995656904,0.8071444026969778,3.4844383526937186,11,458.76052498817444,0.9457111834961998,30.0,0.8903365906623235,4.0,spambase,classification,SVC,nsga2
1174,54.590445168295325,0.8395887224198368,0.4959405629386214,22,449.7257499694824,0.9457111834961998,23.0,0.5765472312703583,2.0,spambase,classification,SVC,nsga2
3857,52.521878393051026,0.8392774371766093,0.6099930871047621,19,456.70032787323,0.9489685124864278,32.0,0.8751357220412594,5.0,spambase,classification,SVC,nsga2
7422,50.75955483170467,0.8809524872726172,0.5776699770163892,13,444.628839969635,0.9500542888165038,21.0,0.9098805646036916,7.0,spambase,classification,SVC,nsga2
8445,52.55336590662325,0.867850249614458,0.1965912940229644,16,465.0770719051361,0.9511400651465798,32.0,0.8751357220412594,5.0,spambase,classification,SVC,nsga2
5357,54.28963083604778,0.8606947120143974,0.6038413611226054,16,446.9083209037781,0.9457111834961998,20.0,0.8425624321389794,3.0,spambase,classification,SVC,nsga2
1746,54.23317046688382,0.7990877466202396,3.1295118021744233,17,451.14330101013184,0.9489685124864278,30.0,0.8327904451682954,3.0,spambase,classification,SVC,nsga2
3378,53.60553745928338,0.8095263443359515,0.4020480676727018,19,447.2358338832855,0.9522258414766558,25.0,0.8805646036916395,4.0,spambase,classification,SVC,nsga2
5206,55.80874049945711,0.7662012675368167,0.3690465420732278,20,448.7531659603119,0.9446254071661238,24.0,0.6558089033659066,1.0,spambase,classification,SVC,nsga2
9235,55.111617806731815,0.8154650274349455,0.4010160179361472,19,461.4063217639923,0.9467969598262758,23.0,0.8089033659066233,2.0,spambase,classification,SVC,nsga2
8185,51.58805646036915,0.8602933284574711,0.5376557799853912,18,461.1248152256012,0.9500542888165038,29.0,0.8925081433224755,6.0,spambase,classification,SVC,nsga2
8577,54.364549402823016,0.8372794164744811,1.7311706162951828,19,455.5179092884064,0.9489685124864278,32.0,0.8403908794788274,3.0,spambase,classification,SVC,nsga2
9616,52.526221498371335,0.862241331524481,1.7434673580245412,15,455.3872900009155,0.9478827361563518,27.0,0.8870792616720955,5.0,spambase,classification,SVC,nsga2
6067,54.292888165038,0.7781763100074249,0.8712806204095793,20,459.2312502861023,0.9489685124864278,29.0,0.8382193268186754,3.0,spambase,classification,SVC,nsga2
1770,53.4643865363735,0.785720922854082,0.23485884318253897,21,446.84422397613525,0.9478827361563518,24.0,0.8881650380021715,4.0,spambase,classification,SVC,nsga2
9305,52.62502714440826,0.8809508309416915,1.2537832832472289,19,450.2606430053711,0.9511400651465798,29.0,0.8935939196525515,5.0,spambase,classification,SVC,nsga2
5510,51.59782844733985,0.9107155807736285,0.36069543977043755,20,451.1774070262909,0.9478827361563518,25.0,0.8925081433224755,6.0,spambase,classification,SVC,nsga2
8527,54.355863192182404,0.8650821490115026,0.4544681804577344,19,431.3895218372345,0.9457111834961998,20.0,0.8751357220412594,3.0,spambase,classification,SVC,spea2
2114,54.288545059717684,0.8254059765030727,1.0083976258236937,19,442.541136264801,0.9478827361563518,25.0,0.8262757871878393,3.0,spambase,classification,SVC,spea2
4033,52.57073832790446,0.8340309145463994,1.2330936316016305,18,452.67856311798096,0.9500542888165038,29.0,0.8827361563517915,5.0,spambase,classification,SVC,spea2
7445,53.54256243213897,0.8348203201119526,1.7118107471815203,25,427.3774518966675,0.9489685124864278,29.0,0.8794788273615635,4.0,spambase,classification,SVC,spea2
1174,54.508957654723126,0.8371854892833479,1.1160819360492358,18,449.6071832180023,0.9511400651465798,26.0,0.8751357220412594,3.0,spambase,classification,SVC,spea2
3857,51.67600434310532,0.8602896430918755,3.0053988964922422,18,442.9041380882263,0.9511400651465798,31.0,0.8870792616720955,6.0,spambase,classification,SVC,spea2
7422,51.73355048859935,0.9239433318167104,0.24852869195249483,28,445.6702969074249,0.9511400651465798,29.0,0.9044516829533116,6.0,spambase,classification,SVC,spea2
8445,53.49804560260586,0.8487159448652191,0.373889610066038,18,441.0710790157318,0.9489685124864278,22.0,0.8523344191096635,4.0,spambase,classification,SVC,spea2
5357,52.51102062975027,0.8511461497516735,1.627541892575341,16,452.50094199180603,0.9489685124864278,28.0,0.8447339847991314,5.0,spambase,classification,SVC,spea2
1746,53.66959826275786,0.7267877450959052,0.19131200976631693,21,436.6714839935303,0.9533116178067318,25.0,0.8794788273615635,4.0,spambase,classification,SVC,spea2
3378,52.57182410423454,0.7794112148677044,0.3531981519341452,18,443.9746940135956,0.9489685124864278,27.0,0.8892508143322475,5.0,spambase,classification,SVC,spea2
5206,52.43393051031486,0.8618901022796545,1.628691138485407,16,449.18532609939575,0.9467969598262758,27.0,0.8588490770901195,5.0,spambase,classification,SVC,spea2
9235,50.69983713355049,0.8511911889538124,0.29693479408171336,16,456.661493062973,0.9489685124864278,30.0,0.9087947882736156,7.0,spambase,classification,SVC,spea2
8185,55.01932681867534,0.7962822180694699,0.36054189587706037,18,437.1105110645294,0.9467969598262758,22.0,0.7307274701411509,2.0,spambase,classification,SVC,spea2
8577,54.99761129207384,0.745924500981526,0.14421545354010923,20,438.06872296333313,0.9457111834961998,20.0,0.5765472312703583,2.0,spambase,classification,SVC,spea2
9616,53.42529858849076,0.8384327188482525,0.35131701957344674,24,447.86148405075073,0.9489685124864278,30.0,0.8099891422366993,4.0,spambase,classification,SVC,spea2
6067,53.44809989142237,0.8129278223241091,0.3503710334180684,22,437.4122459888458,0.9467969598262758,24.0,0.8794788273615635,4.0,spambase,classification,SVC,spea2
1770,54.29614549402824,0.7624699234988912,0.26448874789122434,21,452.2923460006714,0.9478827361563518,24.0,0.8132464712269273,3.0,spambase,classification,SVC,spea2
9305,54.333061889250814,0.8554998463094219,1.5751217843400114,23,449.23321294784546,0.9489685124864278,28.0,0.8425624321389794,3.0,spambase,classification,SVC,spea2
5510,55.27665580890337,0.7568940361104628,1.3468000677070362,24,442.2747800350189,0.9511400651465798,31.0,0.7687296416938111,2.0,spambase,classification,SVC,spea2
8527,50.64337676438653,0.8571443935364785,1.8360341114309324,8,445.5022220611572,0.9467969598262758,21.0,0.9077090119435396,7.0,spambase,classification,SVC,smsemoa
2114,46.81688382193269,0.8785686453597686,0.40045855321348955,11,451.7447829246521,0.9489685124864278,23.0,0.9077090119435396,11.0,spambase,classification,SVC,smsemoa
4033,51.550054288816504,0.872249998631489,3.801772183213895,14,447.72116684913635,0.9478827361563518,29.0,0.8870792616720955,6.0,spambase,classification,SVC,smsemoa
7445,50.59451682953311,0.9711506645114989,5.364467782721557,14,440.6531538963318,0.9457111834961998,24.0,0.8990228013029316,7.0,spambase,classification,SVC,smsemoa
1174,49.60097719869707,0.8749925202542851,0.2610593742885363,17,460.5498549938202,0.9467969598262758,22.0,0.8642779587404995,8.0,spambase,classification,SVC,smsemoa
3857,49.66720955483171,0.8956031781718287,0.4032967460483933,14,451.54485297203064,0.9478827361563518,26.0,0.9142236699239956,8.0,spambase,classification,SVC,smsemoa
7422,49.674809989142226,0.9159655806486913,0.3903601765723983,18,452.58263087272644,0.9489685124864278,24.0,0.8827361563517915,8.0,spambase,classification,SVC,smsemoa
8445,47.68555917480999,0.8571450182853482,1.8388210552358184,8,467.86415004730225,0.9467969598262758,24.0,0.9207383279044516,10.0,spambase,classification,SVC,smsemoa
5357,50.520684039087946,0.8522817666699647,1.9094477884411993,12,452.82969427108765,0.9489685124864278,26.0,0.8219326818675353,7.0,spambase,classification,SVC,smsemoa
1746,52.47736156351792,0.8452132741188526,0.9959227733234618,16,449.04916310310364,0.9478827361563518,27.0,0.8523344191096635,5.0,spambase,classification,SVC,smsemoa
3378,50.62383279044517,0.8166640388798588,0.5177028501726907,16,444.45106196403503,0.9478827361563518,23.0,0.8914223669923995,7.0,spambase,classification,SVC,smsemoa
5206,51.490336590662324,0.846927666889995,0.6467248722720927,15,442.2439842224121,0.9489685124864278,25.0,0.8621064060803475,6.0,spambase,classification,SVC,smsemoa
9235,49.6672095548317,0.8832377877606836,0.9957811207267434,14,449.31228613853455,0.9478827361563518,27.0,0.9087947882736156,8.0,spambase,classification,SVC,smsemoa
8185,48.89516829533117,0.8325906585300276,0.24346271734510522,17,456.2785232067108,0.9533116178067318,24.0,0.9098805646036916,9.0,spambase,classification,SVC,smsemoa
8577,48.74641693811075,0.8750023315989631,0.6448981797897968,14,454.57465291023254,0.9489685124864278,22.0,0.8957654723127035,9.0,spambase,classification,SVC,smsemoa
9616,51.59565689467969,0.8255475441868859,2.0086816763704603e-05,14,447.8969888687134,0.9478827361563518,25.0,0.8946796959826275,6.0,spambase,classification,SVC,smsemoa
6067,48.6986427795874,0.9263389463492949,2.8615692997765545,17,449.5607089996338,0.9467969598262758,28.0,0.9163952225841476,9.0,spambase,classification,SVC,smsemoa
1770,52.3329533116178,0.8327332253259131,0.5986376156033129,12,451.05661606788635,0.9467969598262758,22.0,0.8045602605863192,5.0,spambase,classification,SVC,smsemoa
9305,48.83979370249729,0.8214303421411889,0.527482002297827,9,450.8771188259125,0.9511400651465798,25.0,0.9163952225841476,9.0,spambase,classification,SVC,smsemoa
5510,52.42741585233441,0.9047626769709874,0.2657064849528895,19,448.7169420719147,0.9457111834961998,21.0,0.8827361563517915,5.0,spambase,classification,SVC,smsemoa
8527,53.97703583061889,1.1108652536428087,1.6135989363427596,24,40.7649450302124,0.9163952225841476,32.0,0.760043431053203,1.0,spambase,classification,DT,replica
2114,53.8684581976113,0.9086230574103845,0.33523402173446626,18,44.0623300075531,0.9131378935939196,24.0,0.760043431053203,1.0,spambase,classification,DT,replica
4033,53.22242128121607,0.9928357621221526,0.2685750030553424,16,23.46992301940918,0.9120521172638436,25.0,0.760043431053203,1.0,spambase,classification,DT,replica
7445,53.599185667752444,0.9869497807055653,0.5769628507164183,12,25.811946868896484,0.9044516829533116,25.0,0.760043431053203,1.0,spambase,classification,DT,replica
1174,53.2387079261672,1.1881319155189516,0.18542154659202614,23,42.913485050201416,0.9087947882736156,32.0,0.760043431053203,1.0,spambase,classification,DT,replica
3857,53.71319218241041,0.9919937383754094,0.2701901770427418,19,33.506463050842285,0.9087947882736156,29.0,0.760043431053203,1.0,spambase,classification,DT,replica
7422,53.659989142236704,0.9234982675033164,0.4120057524083031,15,28.66420602798462,0.9185667752442996,25.0,0.760043431053203,1.0,spambase,classification,DT,replica
8445,53.52969598262758,1.0154221813688953,0.2681039891178726,16,29.294866800308228,0.9142236699239956,24.0,0.760043431053203,1.0,spambase,classification,DT,replica
5357,53.62415852334419,1.0998559945215773,0.40468475350755273,16,34.82591009140015,0.9098805646036916,27.0,0.760043431053203,1.0,spambase,classification,DT,replica
1746,53.44826275787188,0.9196325443026583,0.3679508928869664,21,31.051872968673706,0.9055374592833876,28.0,0.760043431053203,1.0,spambase,classification,DT,replica
3378,53.87605863192183,0.9464373626387644,1.2468874578127727,13,32.64393591880798,0.9163952225841476,27.0,0.760043431053203,1.0,spambase,classification,DT,replica
5206,54.23762214983713,1.154551144368804,0.28244053402941033,13,25.44093418121338,0.9131378935939196,29.0,0.760043431053203,1.0,spambase,classification,DT,replica
9235,53.9314332247557,1.0421049997025371,0.28463155107469634,12,29.63720178604126,0.9120521172638436,21.0,0.760043431053203,1.0,spambase,classification,DT,replica
8185,53.82394136807818,1.0555899734651863,0.2735016931192935,18,32.39490580558777,0.9174809989142236,26.0,0.760043431053203,1.0,spambase,classification,DT,replica
8577,53.879315960912045,0.9693333212363023,0.24498273485955058,15,22.924702882766724,0.9120521172638436,26.0,0.760043431053203,1.0,spambase,classification,DT,replica
9616,54.09755700325732,0.8857315134385297,0.4011855907303074,16,38.332581996917725,0.9163952225841476,27.0,0.760043431053203,1.0,spambase,classification,DT,replica
6067,53.902117263843635,0.882163471938802,0.061846397427146295,16,38.257622957229614,0.9142236699239956,30.0,0.760043431053203,1.0,spambase,classification,DT,replica
1770,53.346199782844735,0.9752499738162499,0.22604542164961908,14,29.350793838500977,0.9044516829533116,25.0,0.760043431053203,1.0,spambase,classification,DT,replica
9305,53.76096634093377,1.0605877105650128,6.26681012932538,11,28.143551349639893,0.9087947882736156,30.0,0.760043431053203,1.0,spambase,classification,DT,replica
5510,54.05629750271444,1.0156679352354527,0.38735869807255807,18,32.35687208175659,0.9174809989142236,24.0,0.760043431053203,1.0,spambase,classification,DT,replica
8527,54.46020629750272,0.8717277979147505,1.0647198857471645,12,12.27262282371521,0.9142236699239956,16.0,0.8034744842562432,1.0,spambase,classification,DT,my
2114,54.40917480998914,0.8678310944643605,1.460354918786838,16,12.805341005325317,0.9153094462540716,32.0,0.8034744842562432,1.0,spambase,classification,DT,my
4033,54.35271444082519,0.8782230517690187,2.384788469386184,12,11.519449949264526,0.9142236699239956,30.0,0.8034744842562432,1.0,spambase,classification,DT,my
7445,54.168132464712265,0.8264994195347001,1.3795212176054414,15,10.957664012908936,0.9077090119435396,23.0,0.8034744842562432,1.0,spambase,classification,DT,my
1174,54.29842562432139,0.8769530291959273,0.9436880701129771,19,12.436323165893555,0.9120521172638436,26.0,0.8034744842562432,1.0,spambase,classification,DT,my
3857,54.68170466883822,0.9106774212330422,1.3579941706818381,13,10.259367942810059,0.9174809989142236,31.0,0.8034744842562432,1.0,spambase,classification,DT,my
7422,54.6057003257329,0.8863365121698061,1.2401365849678294,12,10.830571174621582,0.9174809989142236,19.0,0.8034744842562432,1.0,spambase,classification,DT,my
8445,54.3201411509229,0.8447483453011421,0.22824080513817277,14,9.921700239181519,0.9098805646036916,20.0,0.8034744842562432,1.0,spambase,classification,DT,my
5357,54.286482084690554,0.8148979614777533,0.4216176341822237,12,11.799752950668335,0.9109663409337676,19.0,0.8034744842562432,1.0,spambase,classification,DT,my
1746,54.65021715526601,0.9374665777251174,5.440760939402836,9,9.741480112075806,0.9174809989142236,18.0,0.8034744842562432,1.0,spambase,classification,DT,my
3378,54.581813246471235,0.8571073258544484,1.4982509894975808,14,13.01580023765564,0.9174809989142236,27.0,0.8034744842562432,1.0,spambase,classification,DT,my
5206,54.30711183496201,0.8246472662770951,4.587618189770468,12,11.830452919006348,0.9131378935939196,31.0,0.8034744842562432,1.0,spambase,classification,DT,my
9235,54.57747014115092,0.8303316549360115,2.1331672369720516,13,9.991564989089966,0.9174809989142236,26.0,0.8034744842562432,1.0,spambase,classification,DT,my
8185,54.48409337676439,0.8124714497522196,0.4166724327468739,13,10.929724216461182,0.9153094462540716,28.0,0.8034744842562432,1.0,spambase,classification,DT,my
8577,54.70016286644951,0.8571095511759322,0.5404632308843494,8,10.282228946685791,0.9174809989142236,15.0,0.8034744842562432,1.0,spambase,classification,DT,my
9616,54.60895765472313,0.8233846365300288,3.2691671483824902,10,14.376576900482178,0.9185667752442996,30.0,0.8034744842562432,1.0,spambase,classification,DT,my
6067,54.294082519001094,0.9361920643314214,0.8491895918393813,8,11.174333333969116,0.9087947882736156,16.0,0.8034744842562432,1.0,spambase,classification,DT,my
1770,54.6827904451683,0.8928240911586258,1.9650938151505792,8,11.678420782089233,0.9163952225841476,15.0,0.8034744842562432,1.0,spambase,classification,DT,my
9305,54.21916395222584,0.896400991509299,18.966015618845887,11,11.368310928344727,0.9098805646036916,38.0,0.8034744842562432,1.0,spambase,classification,DT,my
5510,54.59592833876222,0.9081388882717938,0.2628284043938321,15,10.914689779281616,0.9174809989142236,20.0,0.8034744842562432,1.0,spambase,classification,DT,my
8527,54.83914223669924,0.8717192725170415,0.2672420445261537,12,14.337362051010132,0.9185667752442996,16.0,0.8034744842562432,1.0,spambase,classification,DT,nsga2
2114,53.21036916395223,0.9285616087868357,3.890403788545947e-05,7,15.021628856658936,0.9207383279044516,12.0,0.8566775244299675,3.0,spambase,classification,DT,nsga2
4033,53.204940282301855,0.8678439626063633,0.4005134046916984,11,15.770977020263672,0.9207383279044516,14.0,0.8479913137893594,3.0,spambase,classification,DT,nsga2
7445,53.98241042345277,0.8750465399765206,0.0009633380809732821,8,13.94011378288269,0.9185667752442996,9.0,0.7676438653637351,2.0,spambase,classification,DT,nsga2
1174,54.61981541802388,0.8977558283357452,0.5213913894417136,8,13.909208059310913,0.9185667752442996,11.0,0.5765472312703583,1.0,spambase,classification,DT,nsga2
3857,54.75010857763301,,,14,14.481302976608276,0.9174809989142236,20.0,-inf,0.0,spambase,classification,DT,nsga2
7422,53.076818675352875,0.9196335079002094,3.993714181595927,9,16.457630157470703,0.9185667752442996,18.0,0.8566775244299675,3.0,spambase,classification,DT,nsga2
8445,54.56552660152009,0.9285019011132409,1.6688518070230345,13,16.22213912010193,0.9185667752442996,19.0,0.6623235613463626,1.0,spambase,classification,DT,nsga2
5357,53.10396308360477,1.0229629020081705,0.7028724933912259,15,14.206327199935913,0.9185667752442996,12.0,0.8241042345276873,3.0,spambase,classification,DT,nsga2
1746,54.07470141150923,0.9285306891022508,3.25286308877514,8,14.321727991104126,0.9196525515743756,16.0,0.8251900108577633,2.0,spambase,classification,DT,nsga2
3378,53.230998914223676,0.9741731802118629,2.896368432503918,10,14.599139213562012,0.9207383279044516,22.0,0.8447339847991314,3.0,spambase,classification,DT,nsga2
5206,53.137622149837135,0.9464109297133751,10.240637271718766,6,14.365894794464111,0.9185667752442996,18.0,0.8588490770901195,3.0,spambase,classification,DT,nsga2
9235,52.11910966340933,0.9731861593156942,12.128403720169151,5,16.65494704246521,0.9185667752442996,17.0,0.8393051031487514,4.0,spambase,classification,DT,nsga2
8185,53.83148751357221,0.9285288340742687,10.870197660020365,7,14.983448028564453,0.9185667752442996,20.0,0.7915309446254072,2.0,spambase,classification,DT,nsga2
8577,54.03669923995657,0.8928595235595161,0.40298416641932217,13,14.986062049865723,0.9207383279044516,14.0,0.8099891422366993,2.0,spambase,classification,DT,nsga2
9616,54.80982627578719,0.9132227540052986,1.9550858566643878,8,13.257925033569336,0.9185667752442996,13.0,0.7339847991313789,1.0,spambase,classification,DT,nsga2
6067,54.60787187839306,0.8900413677462309,0.37758721579874105,18,14.707754135131836,0.9207383279044516,16.0,0.5765472312703583,1.0,spambase,classification,DT,nsga2
1770,54.62090119435396,0.887483746063797,0.0078442792622784,8,14.236618995666504,0.9185667752442996,9.0,0.5765472312703583,1.0,spambase,classification,DT,nsga2
9305,53.89771986970685,0.869019579496213,0.5788766369886593,13,15.833758115768433,0.9174809989142236,16.0,0.8208469055374593,2.0,spambase,classification,DT,nsga2
5510,53.999782844733986,0.9285687433972687,0.2479414964109762,7,13.700294733047485,0.9174809989142236,8.0,0.8251900108577633,2.0,spambase,classification,DT,nsga2
8527,53.959609120521186,0.9035470308443043,0.8020539831572309,11,14.332635879516602,0.9185667752442996,13.0,0.8208469055374593,2.0,spambase,classification,DT,spea2
2114,54.69907709011944,,,11,15.934911012649536,0.9185667752442996,13.0,-inf,0.0,spambase,classification,DT,spea2
4033,54.73382193268187,,,17,14.388698101043701,0.9207383279044516,14.0,-inf,0.0,spambase,classification,DT,spea2
7445,54.79028230184582,,,14,14.002218008041382,0.9174809989142236,9.0,-inf,0.0,spambase,classification,DT,spea2
1174,54.84565689467969,0.8555415289872133,0.36468212846742065,12,14.898669719696045,0.9196525515743756,14.0,0.747014115092291,1.0,spambase,classification,DT,spea2
3857,54.56986970684039,0.8936785828470009,0.007954668768046106,7,13.712364196777344,0.9163952225841476,7.0,0.5765472312703583,1.0,spambase,classification,DT,spea2
7422,53.187567861020625,0.9234203287733086,0.41627267907520216,8,14.974842309951782,0.9207383279044516,15.0,0.8273615635179153,3.0,spambase,classification,DT,spea2
8445,53.22339847991314,0.8977212472116671,0.20775249229662543,12,15.697218656539917,0.9207383279044516,12.0,0.8501628664495114,3.0,spambase,classification,DT,spea2
5357,54.84891422366992,0.9146665305945323,1.9498462766543412,10,13.365995168685913,0.9185667752442996,14.0,0.760043431053203,1.0,spambase,classification,DT,spea2
1746,54.83479913137893,0.9107978572852202,0.4675546087596438,10,13.263183116912842,0.9185667752442996,10.0,0.747014115092291,1.0,spambase,classification,DT,spea2
3378,54.990065146579795,0.8499740418472138,0.36019364565237727,11,13.879311084747314,0.9207383279044516,13.0,0.8034744842562432,1.0,spambase,classification,DT,spea2
5206,54.023669923995655,0.9876344355087392,0.7392728787385495,14,13.255944728851318,0.9185667752442996,11.0,0.8013029315960912,2.0,spambase,classification,DT,spea2
9235,54.017155266015195,0.9553281378793641,2.90740488777572,17,15.548743963241577,0.9207383279044516,22.0,0.8154180238870793,2.0,spambase,classification,DT,spea2
8185,54.09750271444083,0.9642503655819248,6.419745515791626,12,15.62050485610962,0.9218241042345277,24.0,0.8284473398479913,2.0,spambase,classification,DT,spea2
8577,54.820684039087936,0.8751549263670924,0.27572531448434645,14,14.237941980361938,0.9207383279044516,14.0,0.739413680781759,1.0,spambase,classification,DT,spea2
9616,54.664332247557,0.8887933609703277,0.19758102027869703,10,13.348616123199463,0.9185667752442996,11.0,0.5819761129207384,1.0,spambase,classification,DT,spea2
6067,54.00629750271444,0.921284022672642,0.15853466172939057,6,13.208083868026733,0.9185667752442996,8.0,0.7676438653637351,2.0,spambase,classification,DT,spea2
1770,54.644788273615646,,,15,15.256007194519043,0.9185667752442996,18.0,-inf,0.0,spambase,classification,DT,spea2
9305,54.81308360477742,,,7,13.24996280670166,0.9163952225841476,6.0,-inf,0.0,spambase,classification,DT,spea2
5510,54.73599348534202,0.9463876785406886,8.215292073953703,13,14.89799189567566,0.9185667752442996,23.0,0.747014115092291,1.0,spambase,classification,DT,spea2
8527,51.364440825190016,0.9285725423431997,0.47796192917096064,7,15.66071605682373,0.9207383279044516,11.0,0.8903365906623235,5.0,spambase,classification,DT,smsemoa
2114,50.3513572204126,1.0146104254066304,0.20916457669102265,12,16.150997161865234,0.9196525515743756,15.0,0.8903365906623235,6.0,spambase,classification,DT,smsemoa
4033,48.51411509229099,0.9642861620923174,0.3019593488171404,5,16.119444847106934,0.9207383279044516,12.0,0.9098805646036916,8.0,spambase,classification,DT,smsemoa
7445,49.38604777415853,1.0428563767418664,1.4737345765048977,11,15.962721824645996,0.9185667752442996,13.0,0.9142236699239956,7.0,spambase,classification,DT,smsemoa
1174,51.31775244299675,1.0102039248589638,0.27116889118607973,8,13.895635843276978,0.9185667752442996,9.0,0.9077090119435396,5.0,spambase,classification,DT,smsemoa
3857,52.23637350705755,0.9404617465904119,1.0007308682095684,7,15.642230033874512,0.9185667752442996,11.0,0.8718783930510315,4.0,spambase,classification,DT,smsemoa
7422,50.289467969598256,0.9285725127510587,1.3261046487181505,3,16.539319038391113,0.9174809989142236,12.0,0.9098805646036916,6.0,spambase,classification,DT,smsemoa
8445,50.24603691639522,0.9642860725045731,0.28992877754137825,7,16.606767654418945,0.9174809989142236,12.0,0.8881650380021715,6.0,spambase,classification,DT,smsemoa
5357,50.357871878393055,1.0076529015607147,0.26863337104161944,8,14.755908012390137,0.9185667752442996,9.0,0.9142236699239956,6.0,spambase,classification,DT,smsemoa
1746,51.273235613463626,0.9872436354509586,0.2932946785507555,8,14.105995178222656,0.9185667752442996,10.0,0.8740499457111836,5.0,spambase,classification,DT,smsemoa
3378,50.324212812160695,1.0,0.311276747999684,5,13.968148946762085,0.9185667752442996,8.0,0.8816503800217155,6.0,spambase,classification,DT,smsemoa
5206,51.38615635179153,0.9678571667038876,0.8203598655656501,11,14.337914228439331,0.9207383279044516,14.0,0.8903365906623235,5.0,spambase,classification,DT,smsemoa
9235,51.30472312703584,0.9404764247569666,0.25696736706933093,13,16.79008722305298,0.9196525515743756,15.0,0.8914223669923995,5.0,spambase,classification,DT,smsemoa
8185,48.3957654723127,0.9464246843513532,0.7963670702076414,5,16.131135940551758,0.9185667752442996,14.0,0.8957654723127035,8.0,spambase,classification,DT,smsemoa
8577,50.315526601520084,0.9837664623831964,2.0619237250076834,12,16.5659282207489,0.9185667752442996,16.0,0.9011943539630836,6.0,spambase,classification,DT,smsemoa
9616,49.36541802388709,0.9785717354940886,0.21897250256171835,11,16.704779863357544,0.9185667752442996,13.0,0.9077090119435396,7.0,spambase,classification,DT,smsemoa
6067,50.17980456026058,0.9107143932657349,0.36202388236362076,9,16.976407051086426,0.9163952225841476,16.0,0.8957654723127035,6.0,spambase,classification,DT,smsemoa
1770,51.216775244299676,0.946421094802786,0.00045692596011432334,4,14.594199180603027,0.9185667752442996,8.0,0.8393051031487514,5.0,spambase,classification,DT,smsemoa
9305,50.38827361563517,0.9702378545837902,0.2612637240643903,13,16.631649017333984,0.9207383279044516,16.0,0.8859934853420195,6.0,spambase,classification,DT,smsemoa
5510,50.240608034744845,0.9897970543501661,3.280678823252219,8,16.93204092979431,0.9185667752442996,16.0,0.8686210640608035,6.0,spambase,classification,DT,smsemoa
8527,17.8,0.921059690678243,6.139629629629629,4,12.00435996055603,0.9666666666666667,9.0,0.7666666666666667,1.0,lymphography,classification,LogReg,replica
2114,17.500000000000004,0.9607088947639275,0.37925925925925924,4,13.564491987228394,0.9333333333333333,3.0,0.8,1.0,lymphography,classification,LogReg,replica
4033,17.3,1.073441699702227,0.2352777777777778,9,15.681964874267578,0.9333333333333333,6.0,0.7666666666666667,1.0,lymphography,classification,LogReg,replica
7445,17.500000000000004,0.9607088947639275,0.37925925925925924,4,13.293835163116455,0.9333333333333333,3.0,0.8,1.0,lymphography,classification,LogReg,replica
1174,17.500000000000004,0.9607088947639275,0.37925925925925924,4,11.233320951461792,0.9333333333333333,3.0,0.8,1.0,lymphography,classification,LogReg,replica
3857,16.8,1.0419510930205615,1.158968253968254,8,13.793373107910156,0.9,6.0,0.7666666666666667,1.0,lymphography,classification,LogReg,replica
7422,17.366666666666667,1.044090049531921,0.27864197530864193,9,12.82196593284607,0.9333333333333333,4.0,0.7666666666666667,1.0,lymphography,classification,LogReg,replica
8445,17.6,0.9478063491171334,0.2894444444444444,10,13.707783937454224,0.9666666666666667,9.0,0.7666666666666667,1.0,lymphography,classification,LogReg,replica
5357,17.6,1.0782904763242998,0.7816381766381763,13,15.773941040039062,0.9666666666666667,9.0,0.7666666666666667,1.0,lymphography,classification,LogReg,replica
1746,17.46666666666667,0.8823763954258413,0.0003703703703703727,3,8.279963970184326,0.9333333333333333,3.0,0.7666666666666667,1.0,lymphography,classification,LogReg,replica
3378,17.733333333333334,0.8232906539546357,0.00033333333333333544,5,11.494079113006592,0.9666666666666667,7.0,0.8,1.0,lymphography,classification,LogReg,replica
5206,17.500000000000004,0.9607088947639275,0.37925925925925924,4,13.354419946670532,0.9333333333333333,3.0,0.8,1.0,lymphography,classification,LogReg,replica
9235,17.3,1.0939995010761248,0.18046464646464647,11,13.364429712295532,0.9333333333333333,5.0,0.7666666666666667,1.0,lymphography,classification,LogReg,replica
8185,17.566666666666666,0.8825657253629209,0.7811419753086418,9,17.87352705001831,0.9666666666666667,9.0,0.7666666666666667,1.0,lymphography,classification,LogReg,replica
8577,17.500000000000004,0.9607088947639275,0.37925925925925924,4,12.114344120025635,0.9333333333333333,3.0,0.8,1.0,lymphography,classification,LogReg,replica
9616,17.466666666666665,1.0,1.4496161616161616,11,14.64478588104248,0.9666666666666667,11.0,0.7666666666666667,1.0,lymphography,classification,LogReg,replica
6067,17.133333333333336,1.1281107581589973,0.4469360269360269,12,14.782671928405762,0.9333333333333333,9.0,0.7666666666666667,1.0,lymphography,classification,LogReg,replica
1770,17.366666666666667,1.044090049531921,0.27864197530864193,9,17.54223895072937,0.9333333333333333,4.0,0.7666666666666667,1.0,lymphography,classification,LogReg,replica
9305,16.833333333333336,1.0,0.6498941798941797,7,12.059204816818237,0.9,5.0,0.7666666666666667,1.0,lymphography,classification,LogReg,replica
5510,17.500000000000004,0.9607088947639275,0.37925925925925924,4,14.900491952896118,0.9333333333333333,3.0,0.8,1.0,lymphography,classification,LogReg,replica
8527,17.500000000000004,0.9607088947639275,0.37925925925925924,4,4.03466010093689,0.9333333333333333,3.0,0.8,1.0,lymphography,classification,LogReg,my
2114,17.666666666666668,0.8235108853055643,0.5776984126984127,8,4.448747158050537,0.9666666666666667,8.0,0.8,1.0,lymphography,classification,LogReg,my
4033,17.433333333333334,0.8821192902940821,0.33333333333333315,3,4.299485921859741,0.9333333333333333,4.0,0.8,1.0,lymphography,classification,LogReg,my
7445,17.666666666666668,0.9703063859225739,11.251111111111111,5,4.387264728546143,0.9666666666666667,12.0,0.8,1.0,lymphography,classification,LogReg,my
1174,17.8,0.940764574452343,8.900277777777779,4,4.465740919113159,0.9666666666666667,10.0,0.8,1.0,lymphography,classification,LogReg,my
3857,17.500000000000004,0.9607088947639275,0.37925925925925924,4,4.500046730041504,0.9333333333333333,3.0,0.8,1.0,lymphography,classification,LogReg,my
7422,17.500000000000004,0.9607088947639275,0.37925925925925924,4,4.320626974105835,0.9333333333333333,3.0,0.8,1.0,lymphography,classification,LogReg,my
8445,17.666666666666668,0.8585730516405562,1.2275555555555555,6,4.938839673995972,0.9666666666666667,9.0,0.8,1.0,lymphography,classification,LogReg,my
5357,17.900000000000002,0.9408091705104592,2.734444444444444,5,4.800897598266602,0.9666666666666667,7.0,0.8,1.0,lymphography,classification,LogReg,my
1746,17.500000000000004,0.9607088947639275,0.37925925925925924,4,3.9015421867370605,0.9333333333333333,3.0,0.8,1.0,lymphography,classification,LogReg,my
3378,17.500000000000004,0.9607088947639275,0.37925925925925924,4,4.678710222244263,0.9333333333333333,3.0,0.8,1.0,lymphography,classification,LogReg,my
5206,17.500000000000004,0.9607088947639275,0.37925925925925924,4,4.072508096694946,0.9333333333333333,3.0,0.8,1.0,lymphography,classification,LogReg,my
9235,17.7,0.8428621422710522,8.155833333333332,4,4.372058868408203,0.9666666666666667,11.0,0.8,1.0,lymphography,classification,LogReg,my
8185,17.500000000000004,0.9607088947639275,0.37925925925925924,4,4.460942029953003,0.9333333333333333,3.0,0.8,1.0,lymphography,classification,LogReg,my
8577,17.500000000000004,0.9607088947639275,0.37925925925925924,4,4.363260984420776,0.9333333333333333,3.0,0.8,1.0,lymphography,classification,LogReg,my
9616,17.900000000000002,0.9408091705104592,2.734444444444444,5,4.597826957702637,0.9666666666666667,7.0,0.8,1.0,lymphography,classification,LogReg,my
6067,17.500000000000004,0.9607088947639275,0.37925925925925924,4,4.542743921279907,0.9333333333333333,3.0,0.8,1.0,lymphography,classification,LogReg,my
1770,17.500000000000004,0.9607088947639275,0.37925925925925924,4,4.153027772903442,0.9333333333333333,3.0,0.8,1.0,lymphography,classification,LogReg,my
9305,17.433333333333334,0.9411248988370754,0.37925925925925924,4,4.731423854827881,0.9333333333333333,4.0,0.8,1.0,lymphography,classification,LogReg,my
5510,17.8,0.7840516366176083,1.9558333333333333,4,4.694463014602661,0.9666666666666667,8.0,0.8,1.0,lymphography,classification,LogReg,my
8527,17.900000000000002,,,6,7.414546966552734,0.9666666666666667,7.0,-inf,0.0,lymphography,classification,LogReg,nsga2
2114,17.900000000000002,,,6,7.7813897132873535,0.9666666666666667,7.0,-inf,0.0,lymphography,classification,LogReg,nsga2
4033,17.500000000000004,,,5,7.521032094955444,0.9333333333333333,3.0,-inf,0.0,lymphography,classification,LogReg,nsga2
7445,17.900000000000002,,,6,7.460560083389282,0.9666666666666667,7.0,-inf,0.0,lymphography,classification,LogReg,nsga2
1174,17.900000000000002,,,6,7.509242057800293,0.9666666666666667,7.0,-inf,0.0,lymphography,classification,LogReg,nsga2
3857,17.500000000000004,,,5,7.4223222732543945,0.9333333333333333,3.0,-inf,0.0,lymphography,classification,LogReg,nsga2
7422,17.76666666666667,,,6,7.663844108581543,0.9666666666666667,11.0,-inf,0.0,lymphography,classification,LogReg,nsga2
8445,17.500000000000004,,,5,7.3895041942596436,0.9333333333333333,3.0,-inf,0.0,lymphography,classification,LogReg,nsga2
5357,17.76666666666667,,,6,7.3027520179748535,0.9666666666666667,11.0,-inf,0.0,lymphography,classification,LogReg,nsga2
1746,17.900000000000002,,,6,7.576250076293945,0.9666666666666667,7.0,-inf,0.0,lymphography,classification,LogReg,nsga2
3378,17.500000000000004,,,5,7.361921787261963,0.9333333333333333,3.0,-inf,0.0,lymphography,classification,LogReg,nsga2
5206,17.500000000000004,,,5,7.387711048126221,0.9333333333333333,3.0,-inf,0.0,lymphography,classification,LogReg,nsga2
9235,17.500000000000004,,,5,7.290866374969482,0.9333333333333333,3.0,-inf,0.0,lymphography,classification,LogReg,nsga2
8185,17.900000000000002,,,7,7.609392166137695,0.9666666666666667,7.0,-inf,0.0,lymphography,classification,LogReg,nsga2
8577,17.900000000000002,,,6,7.354398012161255,0.9666666666666667,7.0,-inf,0.0,lymphography,classification,LogReg,nsga2
9616,17.500000000000004,,,5,7.447500705718994,0.9333333333333333,3.0,-inf,0.0,lymphography,classification,LogReg,nsga2
6067,17.8,,,6,7.52216911315918,0.9666666666666667,10.0,-inf,0.0,lymphography,classification,LogReg,nsga2
1770,17.500000000000004,,,5,7.541874885559082,0.9333333333333333,3.0,-inf,0.0,lymphography,classification,LogReg,nsga2
9305,17.500000000000004,,,5,7.507722854614258,0.9333333333333333,3.0,-inf,0.0,lymphography,classification,LogReg,nsga2
5510,17.500000000000004,,,5,7.520869016647339,0.9333333333333333,3.0,-inf,0.0,lymphography,classification,LogReg,nsga2
8527,17.500000000000004,,,5,7.518504858016968,0.9333333333333333,3.0,-inf,0.0,lymphography,classification,LogReg,spea2
2114,17.900000000000002,,,6,7.506882667541504,0.9666666666666667,7.0,-inf,0.0,lymphography,classification,LogReg,spea2
4033,17.900000000000002,,,6,7.582637071609497,0.9666666666666667,7.0,-inf,0.0,lymphography,classification,LogReg,spea2
7445,17.833333333333336,,,6,7.69059419631958,0.9666666666666667,9.0,-inf,0.0,lymphography,classification,LogReg,spea2
1174,17.500000000000004,,,5,7.633791923522949,0.9333333333333333,3.0,-inf,0.0,lymphography,classification,LogReg,spea2
3857,17.500000000000004,,,5,7.758012056350708,0.9333333333333333,3.0,-inf,0.0,lymphography,classification,LogReg,spea2
7422,17.500000000000004,,,5,7.547229290008545,0.9333333333333333,3.0,-inf,0.0,lymphography,classification,LogReg,spea2
8445,17.900000000000002,,,6,7.7037317752838135,0.9666666666666667,7.0,-inf,0.0,lymphography,classification,LogReg,spea2
5357,17.500000000000004,,,5,7.359941244125366,0.9333333333333333,3.0,-inf,0.0,lymphography,classification,LogReg,spea2
1746,17.500000000000004,,,5,7.547985315322876,0.9333333333333333,3.0,-inf,0.0,lymphography,classification,LogReg,spea2
3378,17.500000000000004,,,5,7.454912900924683,0.9333333333333333,3.0,-inf,0.0,lymphography,classification,LogReg,spea2
5206,17.500000000000004,,,5,7.589478254318237,0.9333333333333333,3.0,-inf,0.0,lymphography,classification,LogReg,spea2
9235,17.500000000000004,,,5,7.398977994918823,0.9333333333333333,3.0,-inf,0.0,lymphography,classification,LogReg,spea2
8185,17.500000000000004,,,5,7.5234479904174805,0.9333333333333333,3.0,-inf,0.0,lymphography,classification,LogReg,spea2
8577,17.500000000000004,,,5,7.615288019180298,0.9333333333333333,3.0,-inf,0.0,lymphography,classification,LogReg,spea2
9616,17.500000000000004,,,5,7.387519836425781,0.9333333333333333,3.0,-inf,0.0,lymphography,classification,LogReg,spea2
6067,17.500000000000004,,,5,7.513048887252808,0.9333333333333333,3.0,-inf,0.0,lymphography,classification,LogReg,spea2
1770,17.500000000000004,,,5,7.447732925415039,0.9333333333333333,3.0,-inf,0.0,lymphography,classification,LogReg,spea2
9305,17.500000000000004,,,5,7.524072170257568,0.9333333333333333,3.0,-inf,0.0,lymphography,classification,LogReg,spea2
5510,17.833333333333336,,,7,7.524651050567627,0.9666666666666667,9.0,-inf,0.0,lymphography,classification,LogReg,spea2
8527,17.500000000000004,,,5,7.526098012924194,0.9333333333333333,3.0,-inf,0.0,lymphography,classification,LogReg,smsemoa
2114,17.500000000000004,,,5,7.116823196411133,0.9333333333333333,3.0,-inf,0.0,lymphography,classification,LogReg,smsemoa
4033,17.900000000000002,,,7,7.637264251708984,0.9666666666666667,7.0,-inf,0.0,lymphography,classification,LogReg,smsemoa
7445,17.500000000000004,,,5,7.43480920791626,0.9333333333333333,3.0,-inf,0.0,lymphography,classification,LogReg,smsemoa
1174,17.500000000000004,,,5,7.312819004058838,0.9333333333333333,3.0,-inf,0.0,lymphography,classification,LogReg,smsemoa
3857,17.500000000000004,,,5,7.61492919921875,0.9333333333333333,3.0,-inf,0.0,lymphography,classification,LogReg,smsemoa
7422,17.833333333333336,,,7,7.552608013153076,0.9666666666666667,9.0,-inf,0.0,lymphography,classification,LogReg,smsemoa
8445,17.500000000000004,,,5,7.606984853744507,0.9333333333333333,3.0,-inf,0.0,lymphography,classification,LogReg,smsemoa
5357,17.500000000000004,,,5,7.4245381355285645,0.9333333333333333,3.0,-inf,0.0,lymphography,classification,LogReg,smsemoa
1746,17.500000000000004,,,5,7.522100925445557,0.9333333333333333,3.0,-inf,0.0,lymphography,classification,LogReg,smsemoa
3378,17.500000000000004,,,5,7.54138708114624,0.9333333333333333,3.0,-inf,0.0,lymphography,classification,LogReg,smsemoa
5206,17.500000000000004,,,5,7.456630229949951,0.9333333333333333,3.0,-inf,0.0,lymphography,classification,LogReg,smsemoa
9235,17.500000000000004,,,5,7.3599629402160645,0.9333333333333333,3.0,-inf,0.0,lymphography,classification,LogReg,smsemoa
8185,17.500000000000004,,,5,7.367546081542969,0.9333333333333333,3.0,-inf,0.0,lymphography,classification,LogReg,smsemoa
8577,17.500000000000004,,,5,7.482103109359741,0.9333333333333333,3.0,-inf,0.0,lymphography,classification,LogReg,smsemoa
9616,17.500000000000004,,,5,7.377196788787842,0.9333333333333333,3.0,-inf,0.0,lymphography,classification,LogReg,smsemoa
6067,17.500000000000004,,,5,7.424691915512085,0.9333333333333333,3.0,-inf,0.0,lymphography,classification,LogReg,smsemoa
1770,17.500000000000004,,,5,7.480771064758301,0.9333333333333333,3.0,-inf,0.0,lymphography,classification,LogReg,smsemoa
9305,17.500000000000004,,,5,7.275960683822632,0.9333333333333333,3.0,-inf,0.0,lymphography,classification,LogReg,smsemoa
5510,17.500000000000004,,,5,7.253407955169678,0.9333333333333333,3.0,-inf,0.0,lymphography,classification,LogReg,smsemoa
8527,16.233333333333334,0.8820729024789274,1.2033333333333331,3,9.385335922241211,0.8666666666666667,5.0,0.7,1.0,lymphography,classification,SVC,replica
2114,16.76666666666667,0.8821184357365852,11.867037037037036,3,11.331934928894043,0.9,9.0,0.8,1.0,lymphography,classification,SVC,replica
4033,16.700000000000003,0.9414466331175212,0.7243333333333333,6,13.764089822769165,0.9,6.0,0.7,1.0,lymphography,classification,SVC,replica
7445,16.733333333333334,0.8627209709300472,0.9691666666666666,4,10.775469064712524,0.9,6.0,0.7,1.0,lymphography,classification,SVC,replica
1174,16.433333333333334,0.941055519430715,0.0,2,10.851423978805542,0.8666666666666667,2.0,0.8,1.0,lymphography,classification,SVC,replica
3857,16.6,1.0001210075414153,0.34682539682539676,7,15.521798133850098,0.9,7.0,0.7,1.0,lymphography,classification,SVC,replica
7422,16.86666666666667,0.8821161742363534,2.9337037037037037,3,14.005818128585815,0.9,6.0,0.8,1.0,lymphography,classification,SVC,replica
8445,16.833333333333336,0.9997846007675837,0.37925925925925924,4,13.211585998535156,0.9,7.0,0.8,1.0,lymphography,classification,SVC,replica
5357,17.433333333333334,0.8821247916495886,0.3333333333333332,3,11.011740922927856,0.9333333333333333,4.0,0.8,1.0,lymphography,classification,SVC,replica
1746,17.400000000000002,0.8429130520347561,0.0003703703703703727,4,11.896373987197876,0.9333333333333333,5.0,0.8,1.0,lymphography,classification,SVC,replica
3378,16.633333333333333,0.7653409834369687,0.26999999999999996,4,11.377046823501587,0.9,7.0,0.7,1.0,lymphography,classification,SVC,replica
5206,16.733333333333334,0.9115167181961772,0.3429999999999999,5,14.310650110244751,0.9,6.0,0.7,1.0,lymphography,classification,SVC,replica
9235,16.833333333333336,0.8821167110185923,5.244814814814815,3,12.838029146194458,0.9,7.0,0.8,1.0,lymphography,classification,SVC,replica
8185,17.3,0.82459732414091,0.0022222222222222266,4,12.624572992324829,0.9333333333333333,4.0,0.7,1.0,lymphography,classification,SVC,replica
8577,16.3,0.8830443559200812,0.0033333333333333396,3,9.380534172058105,0.8666666666666667,3.0,0.7,1.0,lymphography,classification,SVC,replica
9616,16.733333333333334,0.9115167181961772,0.3429999999999999,5,15.783606052398682,0.9,6.0,0.7,1.0,lymphography,classification,SVC,replica
6067,17.400000000000002,0.8429130520347561,0.0003703703703703727,4,11.122633934020996,0.9333333333333333,5.0,0.8,1.0,lymphography,classification,SVC,replica
1770,17.400000000000002,0.8429130520347561,0.0003703703703703727,4,13.13693904876709,0.9333333333333333,5.0,0.8,1.0,lymphography,classification,SVC,replica
9305,16.166666666666668,0.8820732487442532,5.07,3,8.904465913772583,0.8666666666666667,7.0,0.7,1.0,lymphography,classification,SVC,replica
5510,16.833333333333336,0.8821167110185923,5.244814814814815,3,9.781057119369507,0.9,7.0,0.8,1.0,lymphography,classification,SVC,replica
8527,16.933333333333337,0.882115990852041,0.3114814814814814,3,3.6018807888031006,0.9,4.0,0.8,1.0,lymphography,classification,SVC,my
2114,16.433333333333334,0.941055519430715,0.0,2,3.512465715408325,0.8666666666666667,2.0,0.8,1.0,lymphography,classification,SVC,my
4033,16.433333333333334,0.941055519430715,0.0,2,3.825119972229004,0.8666666666666667,2.0,0.8,1.0,lymphography,classification,SVC,my
7445,16.86666666666667,0.9801813556969926,0.37925925925925924,4,3.7843759059906006,0.9,6.0,0.8,1.0,lymphography,classification,SVC,my
1174,16.76666666666667,0.8821184357365852,11.867037037037036,3,3.8247790336608887,0.9,9.0,0.8,1.0,lymphography,classification,SVC,my
3857,16.833333333333336,0.8821167110185923,5.244814814814815,3,4.061135768890381,0.9,7.0,0.8,1.0,lymphography,classification,SVC,my
7422,16.86666666666667,0.8821161742363534,2.9337037037037037,3,3.6244609355926514,0.9,6.0,0.8,1.0,lymphography,classification,SVC,my
8445,16.900000000000002,0.8821158780171434,1.289259259259259,3,3.745368003845215,0.9,5.0,0.8,1.0,lymphography,classification,SVC,my
5357,16.433333333333334,0.941055519430715,0.0,2,3.4582860469818115,0.8666666666666667,2.0,0.8,1.0,lymphography,classification,SVC,my
1746,17.433333333333334,0.8821247916495886,0.33333333333333315,3,3.803734064102173,0.9333333333333333,4.0,0.8,1.0,lymphography,classification,SVC,my
3378,16.433333333333334,0.941055519430715,0.0,2,3.665055990219116,0.8666666666666667,2.0,0.8,1.0,lymphography,classification,SVC,my
5206,16.433333333333334,0.941055519430715,0.0,2,3.558669090270996,0.8666666666666667,2.0,0.8,1.0,lymphography,classification,SVC,my
9235,16.8,1.0193878142720483,0.37925925925925924,4,3.6846649646759033,0.9,8.0,0.8,1.0,lymphography,classification,SVC,my
8185,17.433333333333334,0.8821247916495886,0.33333333333333315,3,3.876333236694336,0.9333333333333333,4.0,0.8,1.0,lymphography,classification,SVC,my
8577,16.733333333333334,0.7646113485318234,2.933703703703704,3,3.9255878925323486,0.9,8.0,0.8,1.0,lymphography,classification,SVC,my
9616,16.433333333333334,0.941055519430715,0.0,2,3.525999069213867,0.8666666666666667,2.0,0.8,1.0,lymphography,classification,SVC,my
6067,17.433333333333334,0.8821247916495886,0.33333333333333315,3,3.6927196979522705,0.9333333333333333,4.0,0.8,1.0,lymphography,classification,SVC,my
1770,16.8,1.0880229924958313,0.3413333333333333,5,4.2417521476745605,0.9,8.0,0.8,1.0,lymphography,classification,SVC,my
9305,16.833333333333336,0.9997846007675837,0.37925925925925924,4,3.9517440795898438,0.9,7.0,0.8,1.0,lymphography,classification,SVC,my
5510,17.433333333333334,0.8821247916495886,0.33333333333333315,3,3.681425094604492,0.9333333333333333,4.0,0.8,1.0,lymphography,classification,SVC,my
8527,16.933333333333337,,,4,5.669611930847168,0.9,4.0,-inf,0.0,lymphography,classification,SVC,nsga2
2114,17.433333333333334,,,5,5.656426906585693,0.9333333333333333,4.0,-inf,0.0,lymphography,classification,SVC,nsga2
4033,17.433333333333334,,,5,5.64696192741394,0.9333333333333333,4.0,-inf,0.0,lymphography,classification,SVC,nsga2
7445,17.433333333333334,,,5,5.695752859115601,0.9333333333333333,4.0,-inf,0.0,lymphography,classification,SVC,nsga2
1174,17.433333333333334,,,5,5.784121036529541,0.9333333333333333,4.0,-inf,0.0,lymphography,classification,SVC,nsga2
3857,17.433333333333334,,,5,5.6577582359313965,0.9333333333333333,4.0,-inf,0.0,lymphography,classification,SVC,nsga2
7422,17.433333333333334,,,5,5.336305856704712,0.9333333333333333,4.0,-inf,0.0,lymphography,classification,SVC,nsga2
8445,17.433333333333334,,,5,5.6506969928741455,0.9333333333333333,4.0,-inf,0.0,lymphography,classification,SVC,nsga2
5357,17.433333333333334,,,5,5.708612680435181,0.9333333333333333,4.0,-inf,0.0,lymphography,classification,SVC,nsga2
1746,17.433333333333334,,,5,5.47195291519165,0.9333333333333333,4.0,-inf,0.0,lymphography,classification,SVC,nsga2
3378,17.433333333333334,,,5,5.671108245849609,0.9333333333333333,4.0,-inf,0.0,lymphography,classification,SVC,nsga2
5206,17.433333333333334,,,4,5.652223110198975,0.9333333333333333,4.0,-inf,0.0,lymphography,classification,SVC,nsga2
9235,17.433333333333334,,,5,5.711383104324341,0.9333333333333333,4.0,-inf,0.0,lymphography,classification,SVC,nsga2
8185,17.433333333333334,,,5,5.719693899154663,0.9333333333333333,4.0,-inf,0.0,lymphography,classification,SVC,nsga2
8577,17.433333333333334,,,5,5.677590847015381,0.9333333333333333,4.0,-inf,0.0,lymphography,classification,SVC,nsga2
9616,17.433333333333334,,,5,5.788609027862549,0.9333333333333333,4.0,-inf,0.0,lymphography,classification,SVC,nsga2
6067,17.433333333333334,,,5,5.774580955505371,0.9333333333333333,4.0,-inf,0.0,lymphography,classification,SVC,nsga2
1770,17.433333333333334,,,5,5.754533052444458,0.9333333333333333,4.0,-inf,0.0,lymphography,classification,SVC,nsga2
9305,17.433333333333334,,,5,5.8837831020355225,0.9333333333333333,4.0,-inf,0.0,lymphography,classification,SVC,nsga2
5510,17.433333333333334,,,5,5.717462062835693,0.9333333333333333,4.0,-inf,0.0,lymphography,classification,SVC,nsga2
8527,17.433333333333334,,,5,5.689263105392456,0.9333333333333333,4.0,-inf,0.0,lymphography,classification,SVC,spea2
2114,17.433333333333334,,,5,5.768216133117676,0.9333333333333333,4.0,-inf,0.0,lymphography,classification,SVC,spea2
4033,17.433333333333334,,,4,5.774312257766724,0.9333333333333333,4.0,-inf,0.0,lymphography,classification,SVC,spea2
7445,17.433333333333334,,,4,5.7651450634002686,0.9333333333333333,4.0,-inf,0.0,lymphography,classification,SVC,spea2
1174,17.433333333333334,,,4,5.732260227203369,0.9333333333333333,4.0,-inf,0.0,lymphography,classification,SVC,spea2
3857,17.433333333333334,,,5,5.7342209815979,0.9333333333333333,4.0,-inf,0.0,lymphography,classification,SVC,spea2
7422,17.433333333333334,,,5,5.859304904937744,0.9333333333333333,4.0,-inf,0.0,lymphography,classification,SVC,spea2
8445,17.433333333333334,,,5,5.7152910232543945,0.9333333333333333,4.0,-inf,0.0,lymphography,classification,SVC,spea2
5357,17.433333333333334,,,5,5.6415181159973145,0.9333333333333333,4.0,-inf,0.0,lymphography,classification,SVC,spea2
1746,17.433333333333334,,,5,5.6263267993927,0.9333333333333333,4.0,-inf,0.0,lymphography,classification,SVC,spea2
3378,17.433333333333334,,,5,5.669110059738159,0.9333333333333333,4.0,-inf,0.0,lymphography,classification,SVC,spea2
5206,17.433333333333334,,,5,5.752924919128418,0.9333333333333333,4.0,-inf,0.0,lymphography,classification,SVC,spea2
9235,17.433333333333334,,,5,5.662347078323364,0.9333333333333333,4.0,-inf,0.0,lymphography,classification,SVC,spea2
8185,17.433333333333334,,,5,5.892507076263428,0.9333333333333333,4.0,-inf,0.0,lymphography,classification,SVC,spea2
8577,17.433333333333334,,,5,5.816232919692993,0.9333333333333333,4.0,-inf,0.0,lymphography,classification,SVC,spea2
9616,17.433333333333334,,,5,5.67516303062439,0.9333333333333333,4.0,-inf,0.0,lymphography,classification,SVC,spea2
6067,17.433333333333334,,,5,5.76426100730896,0.9333333333333333,4.0,-inf,0.0,lymphography,classification,SVC,spea2
1770,17.433333333333334,,,5,5.780192852020264,0.9333333333333333,4.0,-inf,0.0,lymphography,classification,SVC,spea2
9305,17.433333333333334,,,5,5.81778883934021,0.9333333333333333,4.0,-inf,0.0,lymphography,classification,SVC,spea2
5510,17.433333333333334,,,5,5.727298974990845,0.9333333333333333,4.0,-inf,0.0,lymphography,classification,SVC,spea2
8527,17.433333333333334,,,5,5.76780104637146,0.9333333333333333,4.0,-inf,0.0,lymphography,classification,SVC,smsemoa
2114,17.433333333333334,,,5,5.6627678871154785,0.9333333333333333,4.0,-inf,0.0,lymphography,classification,SVC,smsemoa
4033,17.433333333333334,,,5,5.7918701171875,0.9333333333333333,4.0,-inf,0.0,lymphography,classification,SVC,smsemoa
7445,17.433333333333334,,,5,5.633270740509033,0.9333333333333333,4.0,-inf,0.0,lymphography,classification,SVC,smsemoa
1174,17.433333333333334,,,5,5.66147518157959,0.9333333333333333,4.0,-inf,0.0,lymphography,classification,SVC,smsemoa
3857,17.433333333333334,,,5,5.864513158798218,0.9333333333333333,4.0,-inf,0.0,lymphography,classification,SVC,smsemoa
7422,17.433333333333334,,,5,5.689193964004517,0.9333333333333333,4.0,-inf,0.0,lymphography,classification,SVC,smsemoa
8445,17.433333333333334,,,5,5.772952079772949,0.9333333333333333,4.0,-inf,0.0,lymphography,classification,SVC,smsemoa
5357,17.433333333333334,,,5,5.640921115875244,0.9333333333333333,4.0,-inf,0.0,lymphography,classification,SVC,smsemoa
1746,17.433333333333334,,,5,5.7887091636657715,0.9333333333333333,4.0,-inf,0.0,lymphography,classification,SVC,smsemoa
3378,17.433333333333334,,,5,5.522258281707764,0.9333333333333333,4.0,-inf,0.0,lymphography,classification,SVC,smsemoa
5206,17.433333333333334,,,5,5.68733286857605,0.9333333333333333,4.0,-inf,0.0,lymphography,classification,SVC,smsemoa
9235,17.433333333333334,,,5,5.729266166687012,0.9333333333333333,4.0,-inf,0.0,lymphography,classification,SVC,smsemoa
8185,17.433333333333334,,,5,5.821451187133789,0.9333333333333333,4.0,-inf,0.0,lymphography,classification,SVC,smsemoa
8577,17.433333333333334,,,5,5.630944013595581,0.9333333333333333,4.0,-inf,0.0,lymphography,classification,SVC,smsemoa
9616,17.433333333333334,,,5,5.70616602897644,0.9333333333333333,4.0,-inf,0.0,lymphography,classification,SVC,smsemoa
6067,17.433333333333334,,,5,5.7091920375823975,0.9333333333333333,4.0,-inf,0.0,lymphography,classification,SVC,smsemoa
1770,17.433333333333334,,,5,5.740808963775635,0.9333333333333333,4.0,-inf,0.0,lymphography,classification,SVC,smsemoa
9305,17.433333333333334,,,5,5.719666242599487,0.9333333333333333,4.0,-inf,0.0,lymphography,classification,SVC,smsemoa
5510,17.433333333333334,,,5,5.660258054733276,0.9333333333333333,4.0,-inf,0.0,lymphography,classification,SVC,smsemoa
8527,16.3,0.9608531969603682,0.3559259259259258,4,5.8516669273376465,0.8666666666666667,3.0,0.7,1.0,lymphography,classification,DT,replica
2114,16.3,1.0,0.21355555555555553,5,6.072287082672119,0.8666666666666667,3.0,0.7,1.0,lymphography,classification,DT,replica
4033,17.500000000000004,0.8821318183108897,0.0,3,6.539413928985596,0.9333333333333333,3.0,0.8,1.0,lymphography,classification,DT,replica
7445,16.566666666666666,1.1161136843904653,0.2847407407407406,6,8.45531702041626,0.9,11.0,0.7,1.0,lymphography,classification,DT,replica
1174,17.933333333333334,0.9114143491185777,1.5344444444444443,5,5.598034858703613,0.9666666666666667,6.0,0.8,1.0,lymphography,classification,DT,replica
3857,17.96666666666667,0.8427704490754594,0.23361111111111107,4,7.075722694396973,0.9666666666666667,5.0,0.8,1.0,lymphography,classification,DT,replica
7422,17.96666666666667,0.8822613702713205,0.7344444444444443,5,11.037458896636963,0.9666666666666667,5.0,0.8,1.0,lymphography,classification,DT,replica
8445,16.633333333333333,1.0459871716980234,5.829185185185184,6,6.502519130706787,0.9,9.0,0.7,1.0,lymphography,classification,DT,replica
5357,17.500000000000004,0.9607106061036299,0.37925925925925924,4,8.469722270965576,0.9333333333333333,3.0,0.8,1.0,lymphography,classification,DT,replica
1746,17.96666666666667,0.8822613702713205,0.7344444444444443,5,6.882167816162109,0.9666666666666667,5.0,0.8,1.0,lymphography,classification,DT,replica
3378,17.266666666666666,0.9120608824746083,0.3413333333333333,5,8.943587064743042,0.9333333333333333,4.0,0.7,1.0,lymphography,classification,DT,replica
5206,17.500000000000004,0.8821318183108897,0.0,3,5.942798137664795,0.9333333333333333,3.0,0.8,1.0,lymphography,classification,DT,replica
9235,17.500000000000004,0.9607106061036299,0.37925925925925924,4,7.745146036148071,0.9333333333333333,3.0,0.8,1.0,lymphography,classification,DT,replica
8185,17.500000000000004,0.9607106061036299,0.37925925925925924,4,6.4165239334106445,0.9333333333333333,3.0,0.8,1.0,lymphography,classification,DT,replica
8577,17.766666666666666,0.9665093238337876,0.22880952380952377,8,5.798013925552368,0.9666666666666667,5.0,0.7,1.0,lymphography,classification,DT,replica
9616,17.96666666666667,0.8822613702713205,0.7344444444444445,5,8.413300037384033,0.9666666666666667,5.0,0.8,1.0,lymphography,classification,DT,replica
6067,17.500000000000004,0.9607106061036299,0.37925925925925924,4,6.96427321434021,0.9333333333333333,3.0,0.8,1.0,lymphography,classification,DT,replica
1770,17.96666666666667,0.8822613702713205,0.7344444444444443,5,8.79586911201477,0.9666666666666667,5.0,0.8,1.0,lymphography,classification,DT,replica
9305,16.76666666666667,0.8830495063205378,0.7269999999999999,5,5.346731185913086,0.9,5.0,0.7,1.0,lymphography,classification,DT,replica
5510,17.500000000000004,0.9607106061036299,0.37925925925925924,4,9.131772994995117,0.9333333333333333,3.0,0.8,1.0,lymphography,classification,DT,replica
8527,17.500000000000004,0.9607106061036299,0.37925925925925924,4,1.6540379524230957,0.9333333333333333,3.0,0.8,1.0,lymphography,classification,DT,my
2114,17.500000000000004,0.8821318183108897,0.0,3,1.6416561603546143,0.9333333333333333,3.0,0.8,1.0,lymphography,classification,DT,my
4033,16.76666666666667,0.8821184357365852,11.867037037037036,3,1.7902429103851318,0.9,9.0,0.8,1.0,lymphography,classification,DT,my
7445,16.400000000000002,0.8822993933314207,0.0,3,1.614556074142456,0.8666666666666667,3.0,0.8,1.0,lymphography,classification,DT,my
1174,17.500000000000004,0.8821318183108897,0.0,3,1.655102014541626,0.9333333333333333,3.0,0.8,1.0,lymphography,classification,DT,my
3857,17.500000000000004,0.8821318183108897,0.0,3,1.5251610279083252,0.9333333333333333,3.0,0.8,1.0,lymphography,classification,DT,my
7422,17.500000000000004,0.8821318183108897,0.0,3,1.6694211959838867,0.9333333333333333,3.0,0.8,1.0,lymphography,classification,DT,my
8445,17.500000000000004,0.8821318183108897,0.0,3,1.521277904510498,0.9333333333333333,3.0,0.8,1.0,lymphography,classification,DT,my
5357,17.500000000000004,0.8821318183108897,0.0,3,1.6464848518371582,0.9333333333333333,3.0,0.8,1.0,lymphography,classification,DT,my
1746,17.500000000000004,0.8821318183108897,0.0,3,1.559434175491333,0.9333333333333333,3.0,0.8,1.0,lymphography,classification,DT,my
3378,17.500000000000004,0.8821318183108897,0.0,3,1.631756067276001,0.9333333333333333,3.0,0.8,1.0,lymphography,classification,DT,my
5206,17.500000000000004,0.8821318183108897,0.0,3,1.568235158920288,0.9333333333333333,3.0,0.8,1.0,lymphography,classification,DT,my
9235,16.433333333333334,0.941055519430715,0.0,2,1.4936330318450928,0.8666666666666667,2.0,0.8,1.0,lymphography,classification,DT,my
8185,16.366666666666667,1.0,1.4237037037037035,3,1.53364896774292,0.8666666666666667,3.0,0.8,1.0,lymphography,classification,DT,my
8577,17.500000000000004,0.8821318183108897,0.0,3,1.6886630058288574,0.9333333333333333,3.0,0.8,1.0,lymphography,classification,DT,my
9616,16.433333333333334,0.941055519430715,0.0,2,1.6636607646942139,0.8666666666666667,2.0,0.8,1.0,lymphography,classification,DT,my
6067,17.500000000000004,0.8821318183108897,0.0,3,1.7160148620605469,0.9333333333333333,3.0,0.8,1.0,lymphography,classification,DT,my
1770,17.500000000000004,0.9607106061036299,0.37925925925925924,4,1.7202460765838623,0.9333333333333333,3.0,0.8,1.0,lymphography,classification,DT,my
9305,16.433333333333334,0.941055519430715,0.0,2,1.504281759262085,0.8666666666666667,2.0,0.8,1.0,lymphography,classification,DT,my
5510,16.433333333333334,0.941055519430715,0.0,2,1.7279019355773926,0.8666666666666667,2.0,0.8,1.0,lymphography,classification,DT,my
8527,17.96666666666667,,,6,2.875584125518799,0.9666666666666667,5.0,-inf,0.0,lymphography,classification,DT,nsga2
2114,17.96666666666667,,,6,2.898507833480835,0.9666666666666667,5.0,-inf,0.0,lymphography,classification,DT,nsga2
4033,17.96666666666667,,,6,3.038128137588501,0.9666666666666667,5.0,-inf,0.0,lymphography,classification,DT,nsga2
7445,17.96666666666667,,,6,2.8842639923095703,0.9666666666666667,5.0,-inf,0.0,lymphography,classification,DT,nsga2
1174,17.96666666666667,,,6,3.0063421726226807,0.9666666666666667,5.0,-inf,0.0,lymphography,classification,DT,nsga2
3857,17.96666666666667,,,6,2.929959774017334,0.9666666666666667,5.0,-inf,0.0,lymphography,classification,DT,nsga2
7422,17.96666666666667,,,6,2.889904260635376,0.9666666666666667,5.0,-inf,0.0,lymphography,classification,DT,nsga2
8445,17.96666666666667,,,6,2.895878314971924,0.9666666666666667,5.0,-inf,0.0,lymphography,classification,DT,nsga2
5357,17.96666666666667,,,6,2.851867198944092,0.9666666666666667,5.0,-inf,0.0,lymphography,classification,DT,nsga2
1746,17.96666666666667,,,6,2.877208948135376,0.9666666666666667,5.0,-inf,0.0,lymphography,classification,DT,nsga2
3378,17.96666666666667,,,6,3.024869918823242,0.9666666666666667,5.0,-inf,0.0,lymphography,classification,DT,nsga2
5206,17.96666666666667,,,6,3.036668062210083,0.9666666666666667,5.0,-inf,0.0,lymphography,classification,DT,nsga2
9235,17.96666666666667,,,6,2.988276958465576,0.9666666666666667,5.0,-inf,0.0,lymphography,classification,DT,nsga2
8185,17.96666666666667,,,6,2.991746664047241,0.9666666666666667,5.0,-inf,0.0,lymphography,classification,DT,nsga2
8577,17.96666666666667,,,6,3.0430431365966797,0.9666666666666667,5.0,-inf,0.0,lymphography,classification,DT,nsga2
9616,17.96666666666667,,,6,2.758718967437744,0.9666666666666667,5.0,-inf,0.0,lymphography,classification,DT,nsga2
6067,17.96666666666667,,,6,2.917482614517212,0.9666666666666667,5.0,-inf,0.0,lymphography,classification,DT,nsga2
1770,17.96666666666667,,,6,2.984469175338745,0.9666666666666667,5.0,-inf,0.0,lymphography,classification,DT,nsga2
9305,17.96666666666667,,,6,2.9784700870513916,0.9666666666666667,5.0,-inf,0.0,lymphography,classification,DT,nsga2
5510,17.96666666666667,,,6,2.932888984680176,0.9666666666666667,5.0,-inf,0.0,lymphography,classification,DT,nsga2
8527,17.96666666666667,,,6,2.9288268089294434,0.9666666666666667,5.0,-inf,0.0,lymphography,classification,DT,spea2
2114,17.96666666666667,,,6,3.0496790409088135,0.9666666666666667,5.0,-inf,0.0,lymphography,classification,DT,spea2
4033,17.96666666666667,,,6,3.075166940689087,0.9666666666666667,5.0,-inf,0.0,lymphography,classification,DT,spea2
7445,17.96666666666667,,,6,3.0392110347747803,0.9666666666666667,5.0,-inf,0.0,lymphography,classification,DT,spea2
1174,17.96666666666667,,,6,3.1474621295928955,0.9666666666666667,5.0,-inf,0.0,lymphography,classification,DT,spea2
3857,17.96666666666667,,,6,3.1068809032440186,0.9666666666666667,5.0,-inf,0.0,lymphography,classification,DT,spea2
7422,17.96666666666667,,,6,3.0482099056243896,0.9666666666666667,5.0,-inf,0.0,lymphography,classification,DT,spea2
8445,17.96666666666667,,,6,3.0023140907287598,0.9666666666666667,5.0,-inf,0.0,lymphography,classification,DT,spea2
5357,17.96666666666667,,,6,2.986926794052124,0.9666666666666667,5.0,-inf,0.0,lymphography,classification,DT,spea2
1746,17.96666666666667,,,6,3.137280225753784,0.9666666666666667,5.0,-inf,0.0,lymphography,classification,DT,spea2
3378,17.96666666666667,,,6,2.944257974624634,0.9666666666666667,5.0,-inf,0.0,lymphography,classification,DT,spea2
5206,17.96666666666667,,,6,2.9770429134368896,0.9666666666666667,5.0,-inf,0.0,lymphography,classification,DT,spea2
9235,17.96666666666667,,,6,3.1098859310150146,0.9666666666666667,5.0,-inf,0.0,lymphography,classification,DT,spea2
8185,17.96666666666667,,,6,3.0464861392974854,0.9666666666666667,5.0,-inf,0.0,lymphography,classification,DT,spea2
8577,17.96666666666667,,,6,3.0092709064483643,0.9666666666666667,5.0,-inf,0.0,lymphography,classification,DT,spea2
9616,17.96666666666667,,,6,3.0227880477905273,0.9666666666666667,5.0,-inf,0.0,lymphography,classification,DT,spea2
6067,17.96666666666667,,,6,2.941786050796509,0.9666666666666667,5.0,-inf,0.0,lymphography,classification,DT,spea2
1770,17.96666666666667,,,6,3.0052340030670166,0.9666666666666667,5.0,-inf,0.0,lymphography,classification,DT,spea2
9305,17.96666666666667,,,6,3.032243013381958,0.9666666666666667,5.0,-inf,0.0,lymphography,classification,DT,spea2
5510,17.96666666666667,,,6,2.95108699798584,0.9666666666666667,5.0,-inf,0.0,lymphography,classification,DT,spea2
8527,17.96666666666667,,,6,2.909075975418091,0.9666666666666667,5.0,-inf,0.0,lymphography,classification,DT,smsemoa
2114,17.96666666666667,,,6,3.1159849166870117,0.9666666666666667,5.0,-inf,0.0,lymphography,classification,DT,smsemoa
4033,17.96666666666667,,,6,3.014153003692627,0.9666666666666667,5.0,-inf,0.0,lymphography,classification,DT,smsemoa
7445,17.96666666666667,,,6,2.893512010574341,0.9666666666666667,5.0,-inf,0.0,lymphography,classification,DT,smsemoa
1174,17.96666666666667,,,6,3.077103853225708,0.9666666666666667,5.0,-inf,0.0,lymphography,classification,DT,smsemoa
3857,17.96666666666667,,,6,2.8783910274505615,0.9666666666666667,5.0,-inf,0.0,lymphography,classification,DT,smsemoa
7422,17.96666666666667,,,6,3.059448719024658,0.9666666666666667,5.0,-inf,0.0,lymphography,classification,DT,smsemoa
8445,17.96666666666667,,,6,2.9874160289764404,0.9666666666666667,5.0,-inf,0.0,lymphography,classification,DT,smsemoa
5357,17.96666666666667,,,6,2.909350872039795,0.9666666666666667,5.0,-inf,0.0,lymphography,classification,DT,smsemoa
1746,17.96666666666667,,,6,3.039055824279785,0.9666666666666667,5.0,-inf,0.0,lymphography,classification,DT,smsemoa
3378,17.96666666666667,,,6,2.9231138229370117,0.9666666666666667,5.0,-inf,0.0,lymphography,classification,DT,smsemoa
5206,17.96666666666667,,,6,2.9582479000091553,0.9666666666666667,5.0,-inf,0.0,lymphography,classification,DT,smsemoa
9235,17.96666666666667,,,6,2.771165132522583,0.9666666666666667,5.0,-inf,0.0,lymphography,classification,DT,smsemoa
8185,17.96666666666667,,,6,2.960735321044922,0.9666666666666667,5.0,-inf,0.0,lymphography,classification,DT,smsemoa
8577,17.96666666666667,,,6,3.0729260444641113,0.9666666666666667,5.0,-inf,0.0,lymphography,classification,DT,smsemoa
9616,17.96666666666667,,,6,3.0044872760772705,0.9666666666666667,5.0,-inf,0.0,lymphography,classification,DT,smsemoa
6067,17.96666666666667,,,6,3.2285821437835693,0.9666666666666667,5.0,-inf,0.0,lymphography,classification,DT,smsemoa
1770,17.96666666666667,,,6,2.9431698322296143,0.9666666666666667,5.0,-inf,0.0,lymphography,classification,DT,smsemoa
9305,17.96666666666667,,,6,3.092967987060547,0.9666666666666667,5.0,-inf,0.0,lymphography,classification,DT,smsemoa
5510,17.96666666666667,,,6,3.4999358654022217,0.9666666666666667,5.0,-inf,0.0,lymphography,classification,DT,smsemoa
8527,153.83031916942096,1.3573218622677727,0.19732795046952573,20,248.39353442192078,0.9999952235917252,145.0,0.9865437459011525,1.0,wave-energy,regression,LinReg,replica
2114,153.82122896961909,1.408163236449861,0.14061465932098038,19,275.8309679031372,0.999995219454591,145.0,0.9865437459011525,1.0,wave-energy,regression,LinReg,replica
4033,153.81443566181696,1.4604368049327618,192.2570651040561,20,277.9529130458832,0.9999952235917252,145.0,0.9865437459011525,1.0,wave-energy,regression,LinReg,replica
7445,153.84733700012507,1.436174467708352,0.05554085100063457,18,291.7634470462799,0.9999952235917252,145.0,0.9865437459011525,1.0,wave-energy,regression,LinReg,replica
1174,153.811813281401,1.4326530591939741,297.64387349856236,16,246.44252014160156,0.9999952202018183,145.0,0.9865437459011525,1.0,wave-energy,regression,LinReg,replica
3857,153.86421859981877,1.2763311156525017,0.2999732477669298,30,326.7323589324951,0.9999952174676721,143.0,0.9865437459011525,1.0,wave-energy,regression,LinReg,replica
7422,153.86378726110087,1.4554583585477006,1.0392797168546361e-07,22,310.39872002601624,0.9999952212396215,143.0,0.9865437459011525,1.0,wave-energy,regression,LinReg,replica
8445,153.84144691057824,1.4536891675986154,0.03703147382917482,27,276.01396203041077,0.9999952191920118,146.0,0.9865437459011525,1.0,wave-energy,regression,LinReg,replica
5357,153.87548776508348,1.3731778401261079,0.8744070571543733,22,367.2395257949829,0.9999952210990584,145.0,0.9865437459011525,1.0,wave-energy,regression,LinReg,replica
1746,153.82695728600794,1.3786847909190587,0.03225132069196347,31,288.5655298233032,0.9999952209416206,146.0,0.9865437459011525,1.0,wave-energy,regression,LinReg,replica
3378,153.80089941687763,1.460436802760593,244.52939621473033,20,264.28463196754456,0.9999952199131635,145.0,0.9865437459011525,1.0,wave-energy,regression,LinReg,replica
5206,153.8689024667278,1.3401360448190525,0.040078252445631186,25,309.8233699798584,0.9999952213311154,145.0,0.9865437459011525,1.0,wave-energy,regression,LinReg,replica
9235,153.83998244310294,1.5012531295623361,0.2000022945181829,20,261.5075399875641,0.9999952213311154,145.0,0.9865437459011525,1.0,wave-energy,regression,LinReg,replica
8185,153.87252017822672,1.3440233143566938,0.18406974713206975,22,301.3280551433563,0.9999952213311154,145.0,0.9865437459011525,1.0,wave-energy,regression,LinReg,replica
8577,153.87594089084646,1.2236120176356313,0.2007682804050529,32,311.5992109775543,0.999995220850351,144.0,0.9865437459011525,1.0,wave-energy,regression,LinReg,replica
9616,153.8516913326757,1.3029001056211158,118.52426415395671,20,323.12722086906433,0.999995219454591,145.0,0.9865437459011525,1.0,wave-energy,regression,LinReg,replica
6067,153.81490454185908,1.4571428486061155,0.0905085465580799,21,272.67908096313477,0.9999952235917252,145.0,0.9865437459011525,1.0,wave-energy,regression,LinReg,replica
1770,153.9385476312703,1.3138029365575759,0.17741026722046863,32,279.82638931274414,0.9999952358350235,145.0,0.9865437459011525,1.0,wave-energy,regression,LinReg,replica
9305,153.88339546160097,1.3619047329960667,0.514304599486148,21,306.93679213523865,0.9999952195667543,145.0,0.9865437459011525,1.0,wave-energy,regression,LinReg,replica
5510,153.85983528824596,1.4826974013257903,0.041889675128869916,24,320.41549277305603,0.9999952210990584,145.0,0.9865437459011525,1.0,wave-energy,regression,LinReg,replica
8527,154.793995514502,0.6183838095936425,0.8010524866260709,83,325.6007311344147,0.9999952276525766,142.0,0.9865437459011525,1.0,wave-energy,regression,LinReg,my
2114,154.8187932747577,0.5004755254852788,0.17706994100942705,94,341.9273190498352,0.9999952089481625,146.0,0.9865437459011525,1.0,wave-energy,regression,LinReg,my
4033,154.82776855546408,0.4779650065501507,0.12926002943304163,93,352.09630513191223,0.9999952102567754,147.0,0.9865437459011525,1.0,wave-energy,regression,LinReg,my
7445,154.84311621501806,0.606516175486542,0.5040228934057496,77,338.31107997894287,0.9999952191920118,146.0,0.9865437459011525,1.0,wave-energy,regression,LinReg,my
1174,154.83096069808477,0.5308640792332174,0.4949883471067456,82,376.76272320747375,0.9999952082203275,147.0,0.9865437459011525,1.0,wave-energy,regression,LinReg,my
3857,154.8521170565751,0.644105669184667,0.44791309738914215,80,281.6309688091278,0.9999952067974401,148.0,0.9865437459011525,1.0,wave-energy,regression,LinReg,my
7422,154.83993004672135,0.5290660927376811,0.585756145759754,89,354.78467893600464,0.9999952067974401,148.0,0.9865437459011525,1.0,wave-energy,regression,LinReg,my
8445,154.85367068448636,0.6039488181287928,0.3355938032766257,83,355.4132010936737,0.9999952067974401,148.0,0.9865437459011525,1.0,wave-energy,regression,LinReg,my
5357,154.8497942719912,0.6093293334731525,0.42492498825585384,85,371.3073489665985,0.9999952186988152,147.0,0.9865437459011525,1.0,wave-energy,regression,LinReg,my
1746,154.8377485264789,0.5706281637757663,0.2540409986538702,86,369.1067199707031,0.9999952298761481,146.0,0.9865437459011525,1.0,wave-energy,regression,LinReg,my
3378,154.82735419787033,0.5231214942254524,0.1698721157315605,90,367.6986172199249,0.9999952067974401,148.0,0.9865437459011525,1.0,wave-energy,regression,LinReg,my
5206,154.83484166768577,0.5560197512768492,0.35840794884886346,84,332.5727491378784,0.9999952067974401,148.0,0.9865437459011525,1.0,wave-energy,regression,LinReg,my
9235,154.83769532574036,0.614930122572483,1.3533111777629843,77,332.7685890197754,0.9999952174800933,144.0,0.9865437459011525,1.0,wave-energy,regression,LinReg,my
8185,154.83812237680564,0.6314073964697142,0.7323678605268363,72,308.84360003471375,0.999995217987576,146.0,0.9865437459011525,1.0,wave-energy,regression,LinReg,my
8577,154.82546705198385,0.5491497141902608,0.46612541835619076,81,367.81965708732605,0.9999952243513328,142.0,0.9865437459011525,1.0,wave-energy,regression,LinReg,my
9616,154.8441278021074,0.5080828087907024,0.24308183636630876,94,330.46256613731384,0.9999952253816405,146.0,0.9865437459011525,1.0,wave-energy,regression,LinReg,my
6067,154.79647798037385,0.5413021467976584,0.5062792587665083,78,362.31846380233765,0.9999952119402232,145.0,0.9865437459011525,1.0,wave-energy,regression,LinReg,my
1770,154.86017252756392,0.518950247385059,0.5881991931652093,85,344.7505478858948,0.9999952186988152,147.0,0.9865437459011525,1.0,wave-energy,regression,LinReg,my
9305,154.80548393542205,0.5583270443310527,0.25850901274451493,82,388.88264775276184,0.9999952181567947,144.0,0.9865437459011525,1.0,wave-energy,regression,LinReg,my
5510,154.84484675925873,0.5831785546863498,0.5781325565582727,89,311.9791522026062,0.9999952235917252,145.0,0.9865437459011525,1.0,wave-energy,regression,LinReg,my
8527,125.09570646036765,0.8021977912876572,5.939089921041046,14,321.2086970806122,0.9938777296264487,85.0,0.9882330383984409,29.0,wave-energy,regression,LinReg,nsga2
2114,119.0343261248017,0.8688929951460115,0.897538643744688,23,321.6172959804535,0.9963956559126447,84.0,0.9878223064134063,35.0,wave-energy,regression,LinReg,nsga2
4033,125.13490177601842,0.8393966214665189,0.9494245193854541,24,302.76286005973816,0.9944102247828983,80.0,0.9881025903079218,29.0,wave-energy,regression,LinReg,nsga2
7445,121.0394265712277,0.7823129151952202,1.7057790578736896,22,320.2390480041504,0.9954780134593201,89.0,0.988093181417748,33.0,wave-energy,regression,LinReg,nsga2
1174,117.89723268437842,0.8888888784045124,2.6086611144202387,22,307.687264919281,0.9949693595482537,85.0,0.9877677265078102,36.0,wave-energy,regression,LinReg,nsga2
3857,114.93950154588161,0.8614718365925985,0.5098883424766706,23,316.879830121994,0.9967842200480843,79.0,0.9880513587635736,39.0,wave-energy,regression,LinReg,nsga2
7422,122.0814564253727,0.8707482946650557,2.66060927671701,20,302.6509139537811,0.9954687080679512,89.0,0.9879738632808808,32.0,wave-energy,regression,LinReg,nsga2
8445,118.87864142320558,0.8125472384955252,2.474354972539625,19,312.96817994117737,0.9943005442628742,82.0,0.9879913352146905,35.0,wave-energy,regression,LinReg,nsga2
5357,116.09955109926526,0.8607442790840572,2.291550680544389,18,316.5377230644226,0.9987323133327614,84.0,0.9882003820980559,38.0,wave-energy,regression,LinReg,nsga2
1746,124.02203188197319,0.824489789870849,2.3617429681783024,21,300.92866706848145,0.9934862774933811,81.0,0.9876649886433643,30.0,wave-energy,regression,LinReg,nsga2
3378,122.090898538601,0.8296361941444107,0.8696770016699802,24,306.28666377067566,0.9952861575419228,80.0,0.9876734779115444,32.0,wave-energy,regression,LinReg,nsga2
5206,121.96479708647286,0.8639455657216649,1.147670518690892,21,302.1954970359802,0.9935581530930285,71.0,0.9880150828023044,32.0,wave-energy,regression,LinReg,nsga2
9235,119.04053956223044,0.8279883283924582,2.9337662931265878,29,323.39565205574036,0.9966378388726962,102.0,0.987670089611559,35.0,wave-energy,regression,LinReg,nsga2
8185,124.05524941355442,0.8605442093278552,0.46194707718656325,21,312.87230014801025,0.9937652940193947,77.0,0.987761905205195,30.0,wave-energy,regression,LinReg,nsga2
8577,120.89627713633304,0.8843537331825898,2.259770525942394,22,315.82218313217163,0.9935544762961754,84.0,0.9875690698862275,33.0,wave-energy,regression,LinReg,nsga2
9616,125.05508557383372,0.8137755027583647,1.441174181525212,17,285.7880609035492,0.9935982801533896,82.0,0.9875211087088083,29.0,wave-energy,regression,LinReg,nsga2
6067,125.09509779424232,0.8125472341707753,1.385790234707225,19,298.4701991081238,0.9940554497941337,84.0,0.9878434774955539,29.0,wave-energy,regression,LinReg,nsga2
1770,118.8766464421116,0.8798185853649646,5.602991256034454,13,316.26307106018066,0.9940565706825407,78.0,0.9877508249827759,35.0,wave-energy,regression,LinReg,nsga2
9305,121.00047925193333,0.8406730986132936,0.6735448384890961,20,283.9443528652191,0.9946127284121914,78.0,0.9882455244778817,33.0,wave-energy,regression,LinReg,nsga2
5510,116.78604125337608,0.8394557790441615,0.6572289937793989,21,310.38670015335083,0.9937903973004669,75.0,0.9881094879171669,37.0,wave-energy,regression,LinReg,nsga2
8527,119.91268300032822,0.8775510151276251,1.4978063862336501,22,287.8428087234497,0.9936448380994554,76.0,0.9885925902339014,34.0,wave-energy,regression,LinReg,spea2
2114,126.1537362407894,0.8424036248758364,1.5001762051114866,25,272.5470299720764,0.9937264477673682,78.0,0.9881110291853438,28.0,wave-energy,regression,LinReg,spea2
4033,123.20498371134681,0.8176870711500369,1.6520605635083627,31,287.84216117858887,0.9963052944427611,85.0,0.9875990193895673,31.0,wave-energy,regression,LinReg,spea2
7445,124.06271319307749,0.907785328663153,7.941651146850587,19,284.5167410373688,0.9935346560646684,76.0,0.9884343369783765,30.0,wave-energy,regression,LinReg,spea2
1174,124.08337795765637,0.8534322773097924,0.612604749387192,23,277.54191303253174,0.9938576068787481,75.0,0.98782185234809,30.0,wave-energy,regression,LinReg,spea2
3857,121.044171206291,0.8095238022496347,2.7477944056518195,21,293.96882677078247,0.9953166636267518,89.0,0.9886844590093191,33.0,wave-energy,regression,LinReg,spea2
7422,125.03947653573329,0.8497485907371112,0.282669790069878,24,261.4648690223694,0.9928422215558395,73.0,0.987928224447076,29.0,wave-energy,regression,LinReg,spea2
8445,119.96252391948563,0.845481046455779,1.015383822014758,22,292.7720899581909,0.9943036729056437,79.0,0.9886589232965225,34.0,wave-energy,regression,LinReg,spea2
5357,120.03229974777656,0.8515769811588711,1.8063154209657761,23,296.1366171836853,0.9953264011608524,84.0,0.9881783129270797,34.0,wave-energy,regression,LinReg,spea2
1746,128.23194257334504,0.9067055270943074,2.417832938268065,22,264.2576062679291,0.9937896157367637,78.0,0.9879367421618515,26.0,wave-energy,regression,LinReg,spea2
3378,119.01138628469235,0.8578987030703819,0.2632748567988066,19,292.19992113113403,0.9955491165158606,78.0,0.9886657786328932,35.0,wave-energy,regression,LinReg,spea2
5206,119.96804328841259,0.8248299226243628,0.7599961723839138,25,309.5537419319153,0.9947118060404447,83.0,0.9883893245083255,34.0,wave-energy,regression,LinReg,spea2
9235,117.98968999394259,0.842970516339489,1.6668328453719659,25,303.83605694770813,0.9958452875493922,89.0,0.9883573724848371,36.0,wave-energy,regression,LinReg,spea2
8185,124.0994187121565,0.8775510128620829,0.5477450261868226,22,295.3170449733734,0.9940931117132793,84.0,0.9882392361093174,30.0,wave-energy,regression,LinReg,spea2
8577,121.11938354743472,0.8503401334824522,0.31247115162656414,23,280.6820478439331,0.9955961401166096,71.0,0.9885970091934142,33.0,wave-energy,regression,LinReg,spea2
9616,122.98054463619474,0.8464528637551542,3.854905192784556,22,280.40815591812134,0.9931670270202627,81.0,0.9879851324009216,31.0,wave-energy,regression,LinReg,spea2
6067,119.08415389565423,0.8911564301945185,3.2076610678717516,20,303.39737486839294,0.9959166997527275,73.0,0.9886080328116607,35.0,wave-energy,regression,LinReg,spea2
1770,128.18423395856058,0.8521303191867634,0.8289203350502744,20,266.32837891578674,0.9931510286822958,69.0,0.9876283680972362,26.0,wave-energy,regression,LinReg,spea2
9305,126.17846768572116,0.8835534142860944,0.735692654566585,18,275.15811491012573,0.9940381474601003,65.0,0.9873088347236965,28.0,wave-energy,regression,LinReg,spea2
5510,121.06925125980142,0.9188208435908705,0.6623516195047148,16,269.1007149219513,0.9950628082308569,76.0,0.9879790527369087,33.0,wave-energy,regression,LinReg,spea2
8527,115.76484451518623,0.8690476075612229,4.404095854972683,17,298.9242420196533,0.9937816370082607,81.0,0.9880168093291575,38.0,wave-energy,regression,LinReg,smsemoa
2114,116.78050168745142,0.8633271403499523,1.2607307727862695,23,311.4756360054016,0.9936815472349171,80.0,0.9883142201781637,37.0,wave-energy,regression,LinReg,smsemoa
4033,119.84655652633364,0.8789115586350794,2.5165599046415403,16,288.8215148448944,0.9929549758721594,75.0,0.9886818250945255,34.0,wave-energy,regression,LinReg,smsemoa
7445,116.34333440114433,0.8768824660453876,0.5596885126632649,21,314.3136568069458,0.9926529164088093,76.0,0.8150326664921737,37.0,wave-energy,regression,LinReg,smsemoa
1174,117.84261950839284,0.8730158672895834,1.662830394360456,16,293.35571098327637,0.9940922410323554,82.0,0.9881878358124037,36.0,wave-energy,regression,LinReg,smsemoa
3857,109.54977930781507,0.9229024832217657,8.99560377157841,16,300.7667248249054,0.9940817895377873,82.0,0.9889900813948757,44.0,wave-energy,regression,LinReg,smsemoa
7422,116.78573829961286,0.8684807219828862,1.0412142547273504,19,310.3124191761017,0.9937977383047181,75.0,0.9884952936294207,37.0,wave-energy,regression,LinReg,smsemoa
8445,121.99693581960345,0.850340121200194,1.0059858207577281,19,300.54099798202515,0.9940971348899758,73.0,0.9880210987651173,32.0,wave-energy,regression,LinReg,smsemoa
5357,113.60739737907613,0.8712715822245538,3.7199077085687273,14,303.17972111701965,0.9929292024076933,78.0,0.988524615643892,40.0,wave-energy,regression,LinReg,smsemoa
1746,121.90954643407126,0.851851847948968,0.7075572505247466,19,288.04030203819275,0.992858042740916,73.0,0.987914447916346,32.0,wave-energy,regression,LinReg,smsemoa
3378,120.91125013627274,0.849266019942828,1.6292134151394315,20,299.1205110549927,0.993415037146502,78.0,0.9884538352048696,33.0,wave-energy,regression,LinReg,smsemoa
5206,114.66787135677522,0.865146054933657,0.8400284198053735,18,284.0012490749359,0.9931799998819812,72.0,0.9885783709802173,39.0,wave-energy,regression,LinReg,smsemoa
9235,113.65101981081483,0.8807256152055125,0.529129797640144,16,300.3309817314148,0.9933506713333047,71.0,0.9879778008186384,40.0,wave-energy,regression,LinReg,smsemoa
8185,111.61542770192,0.8736125967524878,1.5157774372143362,20,317.9232141971588,0.994276785981011,83.0,0.9886226755156752,42.0,wave-energy,regression,LinReg,smsemoa
8577,113.70864889237792,0.93197278023678,6.250995066551145,17,310.86300683021545,0.9942923289351481,80.0,0.9886487049422374,40.0,wave-energy,regression,LinReg,smsemoa
9616,114.66123141932292,0.8095238056536506,0.4970851110742252,19,309.84214782714844,0.9933698346344239,81.0,0.9884703606663371,39.0,wave-energy,regression,LinReg,smsemoa
6067,115.74478782865492,0.891956773820205,0.9574571336242022,18,278.98185181617737,0.9936652441154755,76.0,0.9885105769675071,38.0,wave-energy,regression,LinReg,smsemoa
1770,124.93661978637024,0.8886827430268999,5.4071801905830545,23,260.5569341182709,0.9918163583825839,81.0,0.9878456232001667,29.0,wave-energy,regression,LinReg,smsemoa
9305,117.75245815813147,0.8470866578081333,1.449316242899762,24,269.718722820282,0.9928418206367143,87.0,0.98815761751111,36.0,wave-energy,regression,LinReg,smsemoa
5510,117.76496203705702,0.9013605309482828,0.31617014969457086,17,253.97654223442078,0.9928742662744281,64.0,0.9883015460013642,36.0,wave-energy,regression,LinReg,smsemoa
8527,57.463790882760264,0.9904784148310124,0.030716100710328303,33,109.33567214012146,0.7378754073779232,80.0,0.3606062212858109,1.0,superconductivity,regression,LinReg,replica
2114,59.146087455850136,1.0329374497192405,0.09194398935366857,30,80.6882700920105,0.7382451696556779,80.0,0.3606062212858109,1.0,superconductivity,regression,LinReg,replica
4033,58.595537581164805,1.0211398411947181,0.03148942517964926,32,88.51582479476929,0.7377134222357673,80.0,0.3606062212858109,1.0,superconductivity,regression,LinReg,replica
7445,57.32694694001346,1.0828399544517446,0.000701182993224344,30,79.1411521434784,0.7377763747296051,80.0,0.3606062212858109,1.0,superconductivity,regression,LinReg,replica
1174,58.22440550990874,1.1289468956561397,0.03912941065555417,26,72.46686577796936,0.7378637766275333,80.0,0.3606062212858109,1.0,superconductivity,regression,LinReg,replica
3857,57.645595510863615,1.133136939840306,0.06815402233048592,28,75.31587719917297,0.7378507517572281,79.0,0.4344146528002788,1.0,superconductivity,regression,LinReg,replica
7422,58.52857748818511,0.8932824378065612,0.0546586973991324,36,74.7189531326294,0.7377826146117623,80.0,0.3606062212858109,1.0,superconductivity,regression,LinReg,replica
8445,58.864262818735256,1.2060785662943865,0.08265928772953447,23,82.25349402427673,0.7385724852876849,75.0,0.3606062212858109,1.0,superconductivity,regression,LinReg,replica
5357,58.06272898236785,1.1987382618960412,0.0014122235904950981,24,79.44180989265442,0.7386161445883426,76.0,0.3606062212858109,1.0,superconductivity,regression,LinReg,replica
1746,58.10511878239822,0.9967028958758849,0.19947217279363086,28,83.71787476539612,0.7376490736962293,80.0,0.4809869285113094,1.0,superconductivity,regression,LinReg,replica
3378,58.80551418721491,1.0231729493687314,0.0005345732170791449,32,74.89204025268555,0.7384321414578285,79.0,0.3606062212858109,1.0,superconductivity,regression,LinReg,replica
5206,57.44037635356233,1.2129744652887946,0.003069775551007903,21,83.5112247467041,0.7382831382055726,74.0,0.3606062212858109,1.0,superconductivity,regression,LinReg,replica
9235,57.90318809728742,1.2220971835029573,0.0008066180692478956,23,60.087007999420166,0.7380533101570677,79.0,0.3606062212858109,1.0,superconductivity,regression,LinReg,replica
8185,57.27453635157489,1.2039614820428344,0.15291048515067562,26,64.93030881881714,0.73772309663473,80.0,0.3606062212858109,1.0,superconductivity,regression,LinReg,replica
8577,56.795469213386234,0.9578970454671575,0.057046114084420084,34,75.70115566253662,0.7378754073779232,80.0,0.3606062212858109,1.0,superconductivity,regression,LinReg,replica
9616,59.473612793477706,1.088408786334262,0.001229929711017308,28,79.21521401405334,0.7390245584286025,77.0,0.3606062212858109,1.0,superconductivity,regression,LinReg,replica
6067,59.25935497951896,0.9725208691764455,0.057423073880057185,34,69.42945504188538,0.7378734973838079,79.0,0.3606062212858109,1.0,superconductivity,regression,LinReg,replica
1770,59.016864838790774,1.0944000665679108,0.14251546411878438,28,77.01006293296814,0.7376905624795941,80.0,0.3606062212858109,1.0,superconductivity,regression,LinReg,replica
9305,58.91351562273981,0.845207843524875,0.028593279768087662,37,86.14279294013977,0.7376906477823733,78.0,0.3606062212858109,1.0,superconductivity,regression,LinReg,replica
5510,57.824050419333155,1.0167510332313427,0.17227643165766934,23,88.82151484489441,0.7383226356796203,76.0,0.3606062212858109,1.0,superconductivity,regression,LinReg,replica
8527,60.62892601413063,0.44450769925362965,0.17039313876969617,53,55.54260206222534,0.7376312737139126,81.0,0.4809869285113094,1.0,superconductivity,regression,LinReg,my
2114,60.684045206795815,0.481459734855436,0.13579232210513725,55,52.88215088844299,0.7376312737139126,81.0,0.5268133979390877,1.0,superconductivity,regression,LinReg,my
4033,60.61531606871869,0.48436378916215184,0.261702947060822,49,58.41416907310486,0.7380691645028765,76.0,0.5268133979390877,1.0,superconductivity,regression,LinReg,my
7445,60.85089052016453,0.4869767475570981,0.7373060428863814,50,56.35768699645996,0.7377134222357673,80.0,0.5268133979390877,1.0,superconductivity,regression,LinReg,my
1174,60.719936715304264,0.4642711611873342,0.08631470504460438,57,58.89419770240784,0.7376985413806187,80.0,0.5268133979390877,1.0,superconductivity,regression,LinReg,my
3857,60.87436137846203,0.39532456584422404,0.048049058875737696,60,60.152090072631836,0.7378751442126859,79.0,0.5268133979390877,1.0,superconductivity,regression,LinReg,my
7422,60.727217409564005,0.49803529347190145,0.3644987562374588,52,57.2502760887146,0.7376312737139126,81.0,0.43528883257833517,1.0,superconductivity,regression,LinReg,my
8445,60.747384954421584,0.4117776959450111,0.11594361809573499,54,60.42542314529419,0.7380910667360485,75.0,0.5268133979390877,1.0,superconductivity,regression,LinReg,my
5357,60.74635709826545,0.4457411885038369,0.12333959725109704,54,59.23290777206421,0.7376312737139126,81.0,0.5268133979390877,1.0,superconductivity,regression,LinReg,my
1746,60.518595362927485,0.4198135714459985,0.17532936397163743,59,61.79597496986389,0.7376324478795016,80.0,0.5268133979390877,1.0,superconductivity,regression,LinReg,my
3378,60.552859087813594,0.45846956299869757,0.05321569486250967,54,58.85619115829468,0.7376312737139126,81.0,0.5268133979390877,1.0,superconductivity,regression,LinReg,my
5206,60.83746811157367,0.46055938958988923,0.08662194672772029,53,59.27917695045471,0.7382177276678995,76.0,0.5268133979390877,1.0,superconductivity,regression,LinReg,my
9235,60.65270372874945,0.45831934925218254,0.19577019898310913,55,62.2875120639801,0.7377800887251716,79.0,0.5268133979390877,1.0,superconductivity,regression,LinReg,my
8185,60.82403357193317,0.46942967586671414,0.3472248345618634,55,60.47695207595825,0.7376312737139126,81.0,0.5268133979390877,1.0,superconductivity,regression,LinReg,my
8577,60.72651148295432,0.4083235972349761,0.15691918725303058,58,63.34454822540283,0.7378509423986007,77.0,0.5268133979390877,1.0,superconductivity,regression,LinReg,my
9616,60.603879041194936,0.4714827520687613,0.15210830228897834,54,58.396244049072266,0.7376312737139126,81.0,0.4809869285113094,1.0,superconductivity,regression,LinReg,my
6067,60.7901724225363,0.49029691809798864,0.29680027026348105,50,63.896360874176025,0.7376312737139126,81.0,0.5268133979390877,1.0,superconductivity,regression,LinReg,my
1770,60.698281898502415,0.46665304846279154,0.20718509346575228,49,61.081494092941284,0.7376312737139126,81.0,0.5268133979390877,1.0,superconductivity,regression,LinReg,my
9305,60.89722227829027,0.5127479907409772,0.25420698321308133,48,60.609503984451294,0.7384031753184775,77.0,0.5268133979390877,1.0,superconductivity,regression,LinReg,my
5510,60.74358141314088,0.42026573904384873,0.3452696951646528,51,62.318692207336426,0.7376312737139126,81.0,0.4809869285113094,1.0,superconductivity,regression,LinReg,my
8527,56.25095396706926,0.7796259045519655,2.655763801227741,28,45.53419208526611,0.7304751199771933,58.0,0.5743679842878304,8.0,superconductivity,regression,LinReg,nsga2
2114,53.20728778589496,0.7749984969317251,1.7802135966978463,19,48.1833221912384,0.7321548285169897,58.0,0.6769986472271194,13.0,superconductivity,regression,LinReg,nsga2
4033,55.91824845533439,0.6249986511451194,0.3145861581947405,26,45.45071506500244,0.733651778108134,59.0,0.6299276303430619,9.0,superconductivity,regression,LinReg,nsga2
7445,55.94033844935506,0.7435009684986273,0.18825275913589018,26,43.47142505645752,0.7293194211975673,50.0,0.6245452843257446,9.0,superconductivity,regression,LinReg,nsga2
1174,56.11608184687302,0.6960015016324129,0.4756593390614096,26,42.125417947769165,0.731443586363721,51.0,0.6565963501384684,9.0,superconductivity,regression,LinReg,nsga2
3857,57.54527453735031,0.7504951249980659,0.11219320756381482,24,39.87325596809387,0.726765647342439,43.0,0.49391802384604966,6.0,superconductivity,regression,LinReg,nsga2
7422,54.688370798541406,0.7011374032572506,0.20193087493955397,23,45.731900215148926,0.7313328869048064,54.0,0.6628474190944484,11.0,superconductivity,regression,LinReg,nsga2
8445,55.15005257952395,0.6928529526373473,0.12294688860471707,29,43.09880995750427,0.7305331561796562,54.0,0.6377364696547674,10.0,superconductivity,regression,LinReg,nsga2
5357,56.192189202280716,0.7613710078496808,0.36760836872381675,24,40.29407525062561,0.7258319711506602,49.0,0.5510824537562636,8.0,superconductivity,regression,LinReg,nsga2
1746,56.98499630287606,0.7124946506426426,0.24224398475845815,29,39.888347148895264,0.7269877825843123,49.0,0.605389248967996,7.0,superconductivity,regression,LinReg,nsga2
3378,55.79563839773766,0.7134362713956047,0.8547217728037151,27,45.3519492149353,0.7323739944147253,55.0,0.5912486362932092,9.0,superconductivity,regression,LinReg,nsga2
5206,56.469467914542534,0.7374916210780658,0.1350553294550356,26,41.54921007156372,0.729937124407485,53.0,0.6199314309938311,8.0,superconductivity,regression,LinReg,nsga2
9235,54.49431440464683,0.7249982827446702,0.20333456546623935,23,44.67318820953369,0.7301968438683513,47.0,0.6274307143976557,11.0,superconductivity,regression,LinReg,nsga2
8185,54.641867407634464,0.7668495807410692,0.8411998254509043,24,46.29367184638977,0.732578138327836,54.0,0.6578431053361807,11.0,superconductivity,regression,LinReg,nsga2
8577,53.670335020398205,0.7233210620808421,0.5985774566524535,24,48.17728281021118,0.7288813383946298,55.0,0.5947051586132561,12.0,superconductivity,regression,LinReg,nsga2
9616,54.617778730435454,0.7177016182154468,0.27167865551981246,25,41.340845823287964,0.7305602183140554,52.0,0.6435711444968615,11.0,superconductivity,regression,LinReg,nsga2
6067,53.80348380832249,0.7208320786086954,0.5734337214544158,25,45.67230796813965,0.7300443225667026,56.0,0.6492681313550626,12.0,superconductivity,regression,LinReg,nsga2
1770,55.18413181120693,0.7696361790891486,1.7759281489689527,22,43.65660214424133,0.7308434983176813,49.0,0.628509655976105,10.0,superconductivity,regression,LinReg,nsga2
9305,55.26465455013828,0.8272609078733211,0.5840575726750352,23,43.54312705993652,0.73399965563027,58.0,0.6208568842211116,10.0,superconductivity,regression,LinReg,nsga2
5510,53.14009706356261,0.6932602875016883,0.10196366693717526,27,49.99735116958618,0.7344949578094832,58.0,0.6305379327369098,13.0,superconductivity,regression,LinReg,nsga2
8527,53.726877413072515,0.7166647205563493,0.4081764825707172,25,46.09519600868225,0.730973036446161,52.0,0.5897193054829298,12.0,superconductivity,regression,LinReg,spea2
2114,53.850357995588034,0.7615364096090848,3.2601730916136527,27,48.07374405860901,0.7313840244842347,56.0,0.6545428727617477,12.0,superconductivity,regression,LinReg,spea2
4033,55.32120588844402,0.8223495839171987,0.9723696559759178,20,41.63681101799011,0.7288993393019797,42.0,0.6102237230780807,10.0,superconductivity,regression,LinReg,spea2
7445,53.75733870283398,0.7249610367838136,0.20032897001690078,23,45.544151067733765,0.7313640063086262,55.0,0.6013504506140714,12.0,superconductivity,regression,LinReg,spea2
1174,53.961013326718394,0.7211548116720743,0.2103178387595788,27,45.62972283363342,0.7321994644728209,50.0,0.6526521026511827,12.0,superconductivity,regression,LinReg,spea2
3857,55.31552764531435,0.7499963970067915,0.6561808214092216,21,44.88614511489868,0.7312199605145908,47.0,0.6546352688783277,10.0,superconductivity,regression,LinReg,spea2
7422,52.56212559310105,0.796047995092587,0.6403660533203791,20,47.67870903015137,0.7321974936726796,50.0,0.666466368496331,14.0,superconductivity,regression,LinReg,spea2
8445,53.92636018745304,0.7289473932344559,0.4728600800515432,20,43.788151025772095,0.7302297031406431,48.0,0.660658621913391,12.0,superconductivity,regression,LinReg,spea2
5357,54.74737192986342,0.6750039198763806,0.20001118701695758,27,47.623140811920166,0.7333240858076153,53.0,0.6694437021649973,11.0,superconductivity,regression,LinReg,spea2
1746,54.62177600829989,0.6803532044202332,0.20614574257186485,29,44.33577609062195,0.7317335404323311,56.0,0.6424565808048246,11.0,superconductivity,regression,LinReg,spea2
3378,54.1162857647041,0.7431819657065128,0.1180070508524314,23,45.497254848480225,0.7316854508567442,50.0,0.6731343592392747,12.0,superconductivity,regression,LinReg,spea2
5206,54.11197225821162,0.735324626427348,0.404542459699458,24,44.7095160484314,0.7305699003217423,49.0,0.6623282654547392,12.0,superconductivity,regression,LinReg,spea2
9235,52.59637020401794,0.7743389008190419,1.1028572643964836,20,45.92659282684326,0.7304667801982776,51.0,0.6647959744419459,14.0,superconductivity,regression,LinReg,spea2
8185,54.67310057226841,0.7681820453310245,0.564411754951784,23,45.39607810974121,0.7299974529339202,52.0,0.6541511775539346,11.0,superconductivity,regression,LinReg,spea2
8577,54.32342951416679,0.7799304165474906,0.25903573681013725,21,44.36456298828125,0.7280744041477508,43.0,0.559129979773191,11.0,superconductivity,regression,LinReg,spea2
9616,57.10126421211134,0.7624755369248393,0.2265226575628412,25,39.836292028427124,0.7280402363649757,41.0,0.5057041872327992,7.0,superconductivity,regression,LinReg,spea2
6067,55.15605958319024,0.7749700307397145,0.3601048036549218,21,45.576778173446655,0.7321674165727372,50.0,0.5678961903315249,10.0,superconductivity,regression,LinReg,spea2
1770,54.62959862054065,0.7434882579320823,0.07399001370141658,26,49.07793092727661,0.7340409389818832,52.0,0.6120207531465098,11.0,superconductivity,regression,LinReg,spea2
9305,53.8900178883879,0.856774252642092,6.739906446406905,23,45.42504024505615,0.7331876486588119,57.0,0.5715800836393343,12.0,superconductivity,regression,LinReg,spea2
5510,54.98217077230925,0.7124818953135402,0.7190943183680395,29,43.48931097984314,0.7297008193989576,52.0,0.5983278389329214,10.0,superconductivity,regression,LinReg,spea2
8527,53.54138917265188,0.8100004571692005,1.0756451916894154,16,43.91057109832764,0.729774039301795,46.0,0.580161116738251,12.0,superconductivity,regression,LinReg,smsemoa
2114,50.238955349951,0.774998671662749,1.5538791711565363,18,47.891923904418945,0.7302097678734685,51.0,0.6744379949419177,17.0,superconductivity,regression,LinReg,smsemoa
4033,52.393896495063274,0.7881595815037619,0.5387067912331726,20,46.370243072509766,0.7301606639359131,46.0,0.6623824068403472,14.0,superconductivity,regression,LinReg,smsemoa
7445,50.961078866162936,0.8095427370470689,0.2632921726457366,18,45.65392518043518,0.7305725442902545,43.0,0.6279924646424495,16.0,superconductivity,regression,LinReg,smsemoa
1174,50.37105341092085,0.787500560927833,0.17597855338681478,19,43.07005023956299,0.7294142432514634,44.0,0.6911579691186938,17.0,superconductivity,regression,LinReg,smsemoa
3857,50.91742670807521,0.7906252389721229,0.3912549072002154,17,43.44830894470215,0.7278396625249041,50.0,0.6746642368196373,16.0,superconductivity,regression,LinReg,smsemoa
7422,49.55449335410413,0.8098658293467175,1.8200609737245315e-05,20,47.114765882492065,0.7291663362984753,45.0,0.6766378335018615,18.0,superconductivity,regression,LinReg,smsemoa
8445,53.69106389617065,0.7799922278988773,6.858987979080148,21,44.14676880836487,0.7302836977727138,56.0,0.6096763099320325,12.0,superconductivity,regression,LinReg,smsemoa
5357,52.84551668267464,0.7568145895266181,0.47573122767557935,23,46.084060192108154,0.7287099149707137,49.0,0.6243285899769093,13.0,superconductivity,regression,LinReg,smsemoa
1746,50.28024868927612,0.7958351064710937,0.513924666217202,22,45.20512390136719,0.7291882254306032,52.0,0.6971524479433493,17.0,superconductivity,regression,LinReg,smsemoa
3378,51.73646771829162,0.7408797195922341,0.5196089655524305,23,46.29230284690857,0.7304382716590507,51.0,0.6342092209643027,15.0,superconductivity,regression,LinReg,smsemoa
5206,52.39189247900222,0.7901305716855236,0.3019715355498609,20,44.34893202781677,0.730808209463599,47.0,0.667884773299786,14.0,superconductivity,regression,LinReg,smsemoa
9235,49.507528287446604,0.7963090609786904,0.20992856069565663,18,47.15204381942749,0.729377111396414,47.0,0.6602143406237941,18.0,superconductivity,regression,LinReg,smsemoa
8185,51.622376619238864,0.7749855273251053,1.2150036136449176,17,43.66059184074402,0.7298249075764863,47.0,0.6207713997602813,15.0,superconductivity,regression,LinReg,smsemoa
8577,50.15503409193663,0.8499998614281495,2.679947802138769,18,46.64452791213989,0.7283371654613411,51.0,0.6701014382277126,17.0,superconductivity,regression,LinReg,smsemoa
9616,53.0514779639737,0.761027234066916,0.38594342460600534,18,44.12429714202881,0.7300052993764958,42.0,0.611473334897185,13.0,superconductivity,regression,LinReg,smsemoa
6067,51.54255297386623,0.784019262593452,0.7432575562158767,23,39.143908739089966,0.7296527483903833,50.0,0.5892943152711001,15.0,superconductivity,regression,LinReg,smsemoa
1770,51.566442786587025,0.7309095597348064,0.2227432552703915,20,37.61283612251282,0.7295788834868862,50.0,0.6208918132162966,15.0,superconductivity,regression,LinReg,smsemoa
9305,55.36707567961556,0.7249888182819526,2.3291482425260286,23,38.08930778503418,0.7297908979020417,52.0,0.5410569050790079,9.0,superconductivity,regression,LinReg,smsemoa
5510,48.75285720083089,0.7831406595864118,1.0645192108648174,24,39.62938714027405,0.7321147091753836,52.0,0.6416917952944674,19.0,superconductivity,regression,LinReg,smsemoa
8527,4.877827168605705,0.1828736606075838,0.0016119525154838698,10,15.546986103057861,0.3883128992543917,10.0,0.16743401039637895,1.0,bike-sharing,regression,LinReg,replica
2114,4.878632011845159,0.18287354753386958,0.0016123663670136793,10,15.818722009658813,0.3883128992543917,10.0,0.16743401039637895,1.0,bike-sharing,regression,LinReg,replica
4033,4.880599651022196,0.18288256900538621,0.0016152580401354408,10,13.77801775932312,0.3883128992543917,10.0,0.16743401039637895,1.0,bike-sharing,regression,LinReg,replica
7445,4.8804849727983655,0.1828814778290793,0.0016132900716023552,10,12.817968130111694,0.3883128992543917,10.0,0.16743401039637895,1.0,bike-sharing,regression,LinReg,replica
1174,4.87787441407112,0.09207134793243794,0.001493465857739864,11,15.207847833633423,0.388297831723561,11.0,0.16743401039637895,1.0,bike-sharing,regression,LinReg,replica
3857,4.877854647697548,0.1828735473006523,0.001616354929146135,10,15.88253378868103,0.3883128992543917,10.0,0.16743401039637895,1.0,bike-sharing,regression,LinReg,replica
7422,4.8804849727983655,0.1828814778290793,0.0016132900716023554,10,13.716129779815674,0.3883128992543917,10.0,0.16743401039637895,1.0,bike-sharing,regression,LinReg,replica
8445,4.880599651022196,0.18288256900538621,0.001615258040135441,10,15.726608991622925,0.3883128992543917,10.0,0.16743401039637895,1.0,bike-sharing,regression,LinReg,replica
5357,4.880387727559618,0.25210792785085456,0.09672328053714664,10,13.1006600856781,0.388297831723561,11.0,0.16743401039637895,1.0,bike-sharing,regression,LinReg,replica
1746,4.843765228596614,0.18269865046640868,0.0012837171685181413,10,14.438891172409058,0.3883128992543917,10.0,0.16743401039637895,1.0,bike-sharing,regression,LinReg,replica
3378,4.8776107132367095,0.09209533910588177,0.001486274428645457,11,13.802434921264648,0.388297831723561,11.0,0.16743401039637895,1.0,bike-sharing,regression,LinReg,replica
5206,4.880599651022196,0.18288256900538621,0.0016152580401354408,10,14.378769874572754,0.3883128992543917,10.0,0.16743401039637895,1.0,bike-sharing,regression,LinReg,replica
9235,4.880599651022196,0.18288256900538621,0.001615258040135441,10,14.17776608467102,0.3883128992543917,10.0,0.16743401039637895,1.0,bike-sharing,regression,LinReg,replica
8185,4.880599651022196,0.18288256900538621,0.001615258040135441,10,12.756183862686157,0.3883128992543917,10.0,0.16743401039637895,1.0,bike-sharing,regression,LinReg,replica
8577,4.880599651022196,0.18288256900538621,0.001615258040135441,10,14.154844045639038,0.3883128992543917,10.0,0.16743401039637895,1.0,bike-sharing,regression,LinReg,replica
9616,4.87509371119556,0.1828763801125734,0.0015953636906325236,10,13.69337797164917,0.3883128992543917,10.0,0.16743401039637895,1.0,bike-sharing,regression,LinReg,replica
6067,4.846893380226101,0.18270127302053396,0.0012884424326831594,10,13.310018062591553,0.3883128992543917,10.0,0.16743401039637895,1.0,bike-sharing,regression,LinReg,replica
1770,4.880599651022196,0.18288256900538621,0.001615258040135441,10,14.37615418434143,0.3883128992543917,10.0,0.16743401039637895,1.0,bike-sharing,regression,LinReg,replica
9305,4.880296963308809,0.09209126488923905,0.001496442499684073,11,13.12384295463562,0.388297831723561,11.0,0.16743401039637895,1.0,bike-sharing,regression,LinReg,replica
5510,4.87509371119556,0.1828763801125734,0.0015953636906325236,10,12.248170137405396,0.3883128992543917,10.0,0.16743401039637895,1.0,bike-sharing,regression,LinReg,replica
8527,4.880599651022196,0.18288256900538621,0.0016152580401354408,10,5.820768117904663,0.3883128992543917,10.0,0.16743401039637895,1.0,bike-sharing,regression,LinReg,my
2114,4.880599651022196,0.18288256900538621,0.0016152580401354408,10,5.56722617149353,0.3883128992543917,10.0,0.16743401039637895,1.0,bike-sharing,regression,LinReg,my
4033,4.880599651022196,0.18288256900538621,0.0016152580401354408,10,5.709767818450928,0.3883128992543917,10.0,0.16743401039637895,1.0,bike-sharing,regression,LinReg,my
7445,4.880599651022196,0.18288256900538621,0.0016152580401354408,10,6.066685199737549,0.3883128992543917,10.0,0.16743401039637895,1.0,bike-sharing,regression,LinReg,my
1174,4.880599651022196,0.18288256900538621,0.0016152580401354408,10,6.166518926620483,0.3883128992543917,10.0,0.16743401039637895,1.0,bike-sharing,regression,LinReg,my
3857,4.880599651022196,0.18288256900538621,0.0016152580401354408,10,6.079686880111694,0.3883128992543917,10.0,0.16743401039637895,1.0,bike-sharing,regression,LinReg,my
7422,4.880599651022196,0.18288256900538621,0.0016152580401354408,10,6.1326868534088135,0.3883128992543917,10.0,0.16743401039637895,1.0,bike-sharing,regression,LinReg,my
8445,4.880599651022196,0.18288256900538621,0.0016152580401354408,10,6.17823600769043,0.3883128992543917,10.0,0.16743401039637895,1.0,bike-sharing,regression,LinReg,my
5357,4.88051726180961,0.1828825691719764,0.001615019345370397,10,5.7167441844940186,0.3883128992543917,10.0,0.16743401039637895,1.0,bike-sharing,regression,LinReg,my
1746,4.880551004919787,0.1828825690731835,0.0016151380269906995,10,6.173264265060425,0.3883128992543917,10.0,0.16743401039637895,1.0,bike-sharing,regression,LinReg,my
3378,4.880599651022196,0.18288256900538621,0.0016152580401354408,10,6.185606002807617,0.3883128992543917,10.0,0.16743401039637895,1.0,bike-sharing,regression,LinReg,my
5206,4.880551004919787,0.1828825690731835,0.0016151380269906995,10,6.266638278961182,0.3883128992543917,10.0,0.16743401039637895,1.0,bike-sharing,regression,LinReg,my
9235,4.880599651022196,0.18288256900538621,0.0016152580401354408,10,6.565237045288086,0.3883128992543917,10.0,0.16743401039637895,1.0,bike-sharing,regression,LinReg,my
8185,4.880599651022196,0.18288256900538621,0.0016152580401354408,10,6.750442981719971,0.3883128992543917,10.0,0.16743401039637895,1.0,bike-sharing,regression,LinReg,my
8577,4.880565907912018,0.1828825690106488,0.0016154092551219296,10,6.146421194076538,0.3883128992543917,10.0,0.16743401039637895,1.0,bike-sharing,regression,LinReg,my
9616,4.880599651022196,0.18288256900538621,0.0016152580401354408,10,6.529935836791992,0.3883128992543917,10.0,0.16743401039637895,1.0,bike-sharing,regression,LinReg,my
6067,4.880599651022196,0.18288256900538621,0.0016152580401354408,10,6.540472984313965,0.3883128992543917,10.0,0.16743401039637895,1.0,bike-sharing,regression,LinReg,my
1770,4.880599651022196,0.18288256900538621,0.0016152580401354408,10,6.152924060821533,0.3883128992543917,10.0,0.16743401039637895,1.0,bike-sharing,regression,LinReg,my
9305,4.880599651022196,0.18288256900538621,0.0016152580401354408,10,6.488708019256592,0.3883128992543917,10.0,0.16743401039637895,1.0,bike-sharing,regression,LinReg,my
5510,4.880599651022196,0.18288256900538621,0.0016152580401354408,10,6.068979978561401,0.3883128992543917,10.0,0.16743401039637895,1.0,bike-sharing,regression,LinReg,my
8527,4.880599651022196,,,11,5.720762252807617,0.3883128992543917,10.0,-inf,0.0,bike-sharing,regression,LinReg,nsga2
2114,4.880599651022196,,,11,5.9595067501068115,0.3883128992543917,10.0,-inf,0.0,bike-sharing,regression,LinReg,nsga2
4033,4.880599651022196,,,11,6.358262062072754,0.3883128992543917,10.0,-inf,0.0,bike-sharing,regression,LinReg,nsga2
7445,4.880599651022196,,,11,6.511630058288574,0.3883128992543917,10.0,-inf,0.0,bike-sharing,regression,LinReg,nsga2
1174,4.880599651022196,,,11,5.880137920379639,0.3883128992543917,10.0,-inf,0.0,bike-sharing,regression,LinReg,nsga2
3857,4.880599651022196,,,11,6.143970727920532,0.3883128992543917,10.0,-inf,0.0,bike-sharing,regression,LinReg,nsga2
7422,4.880599651022196,,,11,5.933227062225342,0.3883128992543917,10.0,-inf,0.0,bike-sharing,regression,LinReg,nsga2
8445,4.880599651022196,,,11,5.652117013931274,0.3883128992543917,10.0,-inf,0.0,bike-sharing,regression,LinReg,nsga2
5357,4.880599651022196,,,11,6.091124057769775,0.3883128992543917,10.0,-inf,0.0,bike-sharing,regression,LinReg,nsga2
1746,4.880599651022196,,,11,5.733893156051636,0.3883128992543917,10.0,-inf,0.0,bike-sharing,regression,LinReg,nsga2
3378,4.880599651022196,,,11,5.80139684677124,0.3883128992543917,10.0,-inf,0.0,bike-sharing,regression,LinReg,nsga2
5206,4.880599651022196,,,11,5.943485975265503,0.3883128992543917,10.0,-inf,0.0,bike-sharing,regression,LinReg,nsga2
9235,4.880599651022196,,,11,6.1823999881744385,0.3883128992543917,10.0,-inf,0.0,bike-sharing,regression,LinReg,nsga2
8185,4.880599651022196,,,11,5.80999493598938,0.3883128992543917,10.0,-inf,0.0,bike-sharing,regression,LinReg,nsga2
8577,4.880599651022196,,,11,6.208297967910767,0.3883128992543917,10.0,-inf,0.0,bike-sharing,regression,LinReg,nsga2
9616,4.880599651022196,,,11,5.900922775268555,0.3883128992543917,10.0,-inf,0.0,bike-sharing,regression,LinReg,nsga2
6067,4.880599651022196,,,11,6.037575006484985,0.3883128992543917,10.0,-inf,0.0,bike-sharing,regression,LinReg,nsga2
1770,4.880599651022196,,,11,5.305043935775757,0.3883128992543917,10.0,-inf,0.0,bike-sharing,regression,LinReg,nsga2
9305,4.880599651022196,,,11,5.832600116729736,0.3883128992543917,10.0,-inf,0.0,bike-sharing,regression,LinReg,nsga2
5510,4.880599651022196,,,11,6.326395750045776,0.3883128992543917,10.0,-inf,0.0,bike-sharing,regression,LinReg,nsga2
8527,4.880599651022196,,,11,5.7624351978302,0.3883128992543917,10.0,-inf,0.0,bike-sharing,regression,LinReg,spea2
2114,4.880599651022196,,,11,6.104455947875977,0.3883128992543917,10.0,-inf,0.0,bike-sharing,regression,LinReg,spea2
4033,4.880599651022196,,,11,5.654750823974609,0.3883128992543917,10.0,-inf,0.0,bike-sharing,regression,LinReg,spea2
7445,4.880599651022196,,,11,6.1318511962890625,0.3883128992543917,10.0,-inf,0.0,bike-sharing,regression,LinReg,spea2
1174,4.880599651022196,,,11,6.4412360191345215,0.3883128992543917,10.0,-inf,0.0,bike-sharing,regression,LinReg,spea2
3857,4.880599651022196,,,11,5.879114866256714,0.3883128992543917,10.0,-inf,0.0,bike-sharing,regression,LinReg,spea2
7422,4.880599651022196,,,11,5.623032093048096,0.3883128992543917,10.0,-inf,0.0,bike-sharing,regression,LinReg,spea2
8445,4.880599651022196,,,11,6.121365070343018,0.3883128992543917,10.0,-inf,0.0,bike-sharing,regression,LinReg,spea2
5357,4.880599651022196,,,11,5.696668863296509,0.3883128992543917,10.0,-inf,0.0,bike-sharing,regression,LinReg,spea2
1746,4.880599651022196,,,11,5.6952619552612305,0.3883128992543917,10.0,-inf,0.0,bike-sharing,regression,LinReg,spea2
3378,4.880599651022196,,,11,6.292118787765503,0.3883128992543917,10.0,-inf,0.0,bike-sharing,regression,LinReg,spea2
5206,4.880599651022196,,,11,6.102065086364746,0.3883128992543917,10.0,-inf,0.0,bike-sharing,regression,LinReg,spea2
9235,4.880599651022196,,,11,6.183367013931274,0.3883128992543917,10.0,-inf,0.0,bike-sharing,regression,LinReg,spea2
8185,4.880599651022196,,,11,6.042578935623169,0.3883128992543917,10.0,-inf,0.0,bike-sharing,regression,LinReg,spea2
8577,4.880599651022196,,,11,6.391218900680542,0.3883128992543917,10.0,-inf,0.0,bike-sharing,regression,LinReg,spea2
9616,4.880599651022196,,,11,5.488594055175781,0.3883128992543917,10.0,-inf,0.0,bike-sharing,regression,LinReg,spea2
6067,4.880599651022196,,,11,5.807278871536255,0.3883128992543917,10.0,-inf,0.0,bike-sharing,regression,LinReg,spea2
1770,4.880599651022196,,,11,6.238745927810669,0.3883128992543917,10.0,-inf,0.0,bike-sharing,regression,LinReg,spea2
9305,4.880599651022196,,,11,5.574471950531006,0.3883128992543917,10.0,-inf,0.0,bike-sharing,regression,LinReg,spea2
5510,4.880599651022196,,,11,5.8065431118011475,0.3883128992543917,10.0,-inf,0.0,bike-sharing,regression,LinReg,spea2
8527,4.880599651022196,,,11,6.064532041549683,0.3883128992543917,10.0,-inf,0.0,bike-sharing,regression,LinReg,smsemoa
2114,4.880599651022196,,,11,5.911190986633301,0.3883128992543917,10.0,-inf,0.0,bike-sharing,regression,LinReg,smsemoa
4033,4.880599651022196,,,11,5.974397897720337,0.3883128992543917,10.0,-inf,0.0,bike-sharing,regression,LinReg,smsemoa
7445,4.880599651022196,,,11,6.389511823654175,0.3883128992543917,10.0,-inf,0.0,bike-sharing,regression,LinReg,smsemoa
1174,4.880599651022196,,,11,5.984204053878784,0.3883128992543917,10.0,-inf,0.0,bike-sharing,regression,LinReg,smsemoa
3857,4.880599651022196,,,11,6.617876052856445,0.3883128992543917,10.0,-inf,0.0,bike-sharing,regression,LinReg,smsemoa
7422,4.880599651022196,,,11,6.364920139312744,0.3883128992543917,10.0,-inf,0.0,bike-sharing,regression,LinReg,smsemoa
8445,4.880599651022196,,,11,6.2793049812316895,0.3883128992543917,10.0,-inf,0.0,bike-sharing,regression,LinReg,smsemoa
5357,4.880599651022196,,,11,6.025367975234985,0.3883128992543917,10.0,-inf,0.0,bike-sharing,regression,LinReg,smsemoa
1746,4.880599651022196,,,11,6.121173858642578,0.3883128992543917,10.0,-inf,0.0,bike-sharing,regression,LinReg,smsemoa
3378,4.880599651022196,,,11,6.127727746963501,0.3883128992543917,10.0,-inf,0.0,bike-sharing,regression,LinReg,smsemoa
5206,4.880599651022196,,,11,6.206087827682495,0.3883128992543917,10.0,-inf,0.0,bike-sharing,regression,LinReg,smsemoa
9235,4.880599651022196,,,11,5.784991025924683,0.3883128992543917,10.0,-inf,0.0,bike-sharing,regression,LinReg,smsemoa
8185,4.880599651022196,,,11,5.887508869171143,0.3883128992543917,10.0,-inf,0.0,bike-sharing,regression,LinReg,smsemoa
8577,4.880599651022196,,,11,5.25554895401001,0.3883128992543917,10.0,-inf,0.0,bike-sharing,regression,LinReg,smsemoa
9616,4.880599651022196,,,11,5.268768072128296,0.3883128992543917,10.0,-inf,0.0,bike-sharing,regression,LinReg,smsemoa
6067,4.880599651022196,,,11,5.1909499168396,0.3883128992543917,10.0,-inf,0.0,bike-sharing,regression,LinReg,smsemoa
1770,4.880599651022196,,,11,4.7160210609436035,0.3883128992543917,10.0,-inf,0.0,bike-sharing,regression,LinReg,smsemoa
9305,4.880599651022196,,,11,4.873120069503784,0.3883128992543917,10.0,-inf,0.0,bike-sharing,regression,LinReg,smsemoa
5510,4.880599651022196,,,11,4.308876037597656,0.3883128992543917,10.0,-inf,0.0,bike-sharing,regression,LinReg,smsemoa
